questions,answers,labels,
What time did Peter Lynch typically leave home for work each day?,"Lynch left home at 6 AM and arrived at the office by 6:45 AM, beginning workdays that often stretched 16 hours.",Personal Life,
How many hours a day did Peter Lynch typically work at Fidelity?,"Lynch worked approximately 16-hour days, from early morning until 9:30 PM most evenings.",Personal Life,
How many companies did Lynch visit per year during his time managing Magellan?,Lynch visited over 400 companies per year as part of his research process.,Personal Life,
How many annual reports did Lynch read each year while managing Magellan?,"Lynch read more than 700 annual reports per year, making exhaustive primary research a cornerstone of his process.",Personal Life,
What was Lynch's personal philosophy about turning over research rocks?,Lynch believed that the person who turns over the most rocks wins the game. Researching more companies than anyone else was always his core philosophy.,Personal Life,
What personal quality did Lynch say mattered more than raw intelligence in investing?,Lynch said it is not the head but the stomach that determines the fate of the stock picker. Emotional discipline outweighs intellectual ability.,Personal Life,
What did Lynch say about the role of patience as a personal trait?,"Lynch identified patience as one of the most essential personal qualities for a successful investor, noting that most of his biggest gains came in the third or fourth year of holding a position.",Personal Life,
How did Lynch describe the ideal personal temperament for a stock investor?,"Lynch listed patience, self-reliance, common sense, tolerance for pain, open-mindedness, detachment, persistence, humility, flexibility, willingness to do independent research, and the ability to ignore general panic as essential qualities.",Personal Life,
What personal quality allowed Lynch to buy stocks when others were panicking?,Lynch's fundamental optimism about the economy and human nature allowed him to stay invested and even buy more during market panics that caused most investors to sell.,Personal Life,
How did Lynch describe the importance of humility in his investing career?,"Lynch credited the market shocks of 1978 and 1987 with providing the necessary kick to remind him of who the real boss is, curing the God complex he had developed after early successes.",Personal Life,
What personal rule did Lynch maintain about staying in contact with industry representatives?,"Lynch held at least one personal conversation per month with a representative from each major industry group, using these conversations as an early warning system for turnarounds and overlooked developments.",Personal Life,
What habit did Lynch maintain to track every stock conversation and idea?,"After every contact, Lynch noted the company name, current price, and a one to two line summary of the story, keeping a large notebook with records from company reports and buying reasons.",Personal Life,
How did Lynch describe the work culture he helped build at Fidelity?,"Fidelity made all managers responsible for their own research. Lynch also organized information-sharing sessions where each analyst presented picks in 90 seconds to three minutes with no feedback allowed, fostering independent thinking.",Personal Life,
What did Lynch say about work-life balance despite his grueling schedule?,"Lynch acknowledged that nobody on their deathbed ever wished they had spent more time at the office, showing self-awareness about the trade-offs his intense schedule required.",Personal Life,
How did Lynch's consumer experiences in everyday life inform his investment ideas?,"Lynch believed that walking through malls, eating at restaurants, and observing products in daily life gave ordinary people a consumer edge that Wall Street analysts, stuck behind desks, often lacked.",Personal Life,
What personal financial step did Lynch recommend before investing in the stock market?,"Lynch advised buying a house before investing in stocks, calling it the one good investment decision that almost everyone makes. Homeowners never get scared out of their house by price declines the way investors get scared out of stocks.",Personal Life,
How did Lynch think about the personal cash reserve needed before investing?,Lynch recommended setting aside two to three years of living expenses in cash as a family budget cushion before committing money to the stock market.,Personal Life,
What did Lynch say about the danger of acting on celebrity investment tips?,Lynch warned that every dumb idea you hear about stocks gets into your brain and stays there. He said information from celebrities and media had replaced Uncle Harry as the most compelling but most dangerous reason to invest.,Personal Life,
What personal experience led Lynch to believe amateur investors could beat professionals?,Lynch observed that ordinary people using their professional knowledge and consumer observations were naturally positioned to find great growth companies before Wall Street analysts discovered them.,Personal Life,
How did Lynch describe the psychological danger of the inferiority complex among amateur investors?,"Lynch said inferiority caused investors to make three self-destructive mistakes: imitating professionals by chasing hot stocks, becoming sophisticated by trading derivatives, and blindly following celebrity investment recommendations.",Personal Life,
What did Lynch believe about the importance of conviction in stock investing?,"Lynch said the stock market demands convictions, as surely as it victimizes the unconvinced. Investors who lacked a clear thesis for why they owned a stock were inevitably flushed out at the worst moments.",Personal Life,
How did Lynch describe the importance of making decisions without complete information?,"Lynch believed it was crucial to make decisions without complete or perfect information, noting that things are never fully clear and that by the time they are, it is too late to profit.",Personal Life,
What personal characteristic enabled Lynch to hold positions during market downturns?,"Lynch's faith in human nature, capitalism, and the long-term prosperity of the country allowed him to hold through downturns that caused less conviction-driven investors to sell at the bottom.",Personal Life,
How did Lynch approach the personal challenge of admitting mistakes in investing?,"Lynch included the willingness to admit mistakes as one of the essential personal qualities for a successful investor, believing that recognizing errors quickly was far less costly than holding onto a deteriorating story.",Personal Life,
What did Lynch say about investors who discover they are poor stock pickers?,"Lynch noted that unlike in sports, where people give up when they realize they are not good, investors who discover they are poor stock pickers tend to keep going anyway, often to their continued financial detriment.",Personal Life,
How did Lynch think about the personal risk of over-relying on Wall Street advice?,Lynch believed that dumb money is only dumb when it listens to smart money. He advocated developing your own edge through personal observation and research rather than relying on professional recommendations.,Personal Life,
What was Lynch's personal approach to researching Taco Bell as one of his earliest picks?,"Lynch bought Taco Bell early when no one would look at a small restaurant company. He followed the scent from his own experience, demonstrating how consumer observation led to a major early win.",Personal Life,
How did Lynch describe the personal dedication required to follow a large number of stocks?,"Lynch said he owned about 1,400 stocks at Magellan, keeping the top 100 as primary selections and monitoring 500 secondary stocks periodically, requiring immense personal discipline to stay current on all of them.",Personal Life,
What personal investing principle did Lynch call the be here now approach?,"Lynch advocated treating each potential investment as if it had no history, evaluating only whether the current price was cheap or expensive relative to earnings potential without being influenced by a stock's past performance.",Personal Life,
How did Lynch describe his personal style of stock research as similar to a bloodhound?,"Lynch said he sniffed from one investment case to another like a bloodhound trained to follow a scent, caring more about the details of a company's story than about whether a sector was under or overweighted in his portfolio.",Personal Life,
What personal values did Lynch believe were necessary to maintain long-term investing discipline?,"Lynch said you need a basic faith in human nature, capitalism, the country, and future prosperity in general to stay invested through the inevitable crises that test every long-term investor.",Personal Life,
How did Lynch balance personal optimism with rigorous fact-checking?,"Lynch maintained fundamental optimism but constantly verified the story behind every investment, distinguishing between valid worries based on deteriorating facts and idle worries based on emotion or macro headlines.",Personal Life,
What was Lynch's personal view on the role of luck in investing?,"Lynch acknowledged that sometimes good luck can mask bad skill, and that early success can create a false God complex. He credited market shocks with restoring his humility and keeping him grounded.",Personal Life,
How did Lynch describe the personal qualities that separate consistent winners from consistent losers in investing?,"Consistent winners raise their bets as their position strengthens and exit when odds turn against them. Consistent losers hold until the bitter end hoping for miracles, enjoying the thrill of defeat.",Personal Life,
What personal lesson did Lynch draw from the 1987 market crash?,"Lynch contextualized the 1987 crash by noting the market had simply reversed an extreme rally, ending near where it had been a year earlier. The panic was psychological, not fundamental, teaching him to keep perspective during extreme volatility.",Personal Life,
What personal habit separated Lynch from typical fund managers in terms of information gathering?,"Lynch personally called company investor relations contacts, visited headquarters, and held monthly industry conversations — habits most fund managers neglected — giving him a consistent information edge.",Personal Life,
How did Lynch personally feel about market forecasters and economists?,"Lynch said that if you spend 13 minutes on economic forecasting, you have wasted 10 of them. He dismissed all macro forecasts and concentrated entirely on what was actually happening at the company level.",Personal Life,
What personal discipline did Lynch practice when he was tempted to sell a great company too early?,"Lynch revisited the original reasons why he bought the stock as if hearing the story for the very first time. If the story was still intact and improving, he held regardless of social pressure or market noise.",Personal Life,
How did Lynch describe the personal challenge of resisting gut feelings in the stock market?,"Lynch said it is crucial to resist human nature and gut feelings. Most investors secretly believe they can divine market prices despite being proven wrong repeatedly, and overcoming this instinct is a lifelong personal battle.",Personal Life,
What personal characteristic did Lynch say makes small investors capable of handling any market?,"Lynch believed small investors could handle all types of markets as long as they owned good merchandise — well-researched, fundamentally sound companies — because market crashes are only losses to people who sell.",Personal Life,
How did Lynch describe the personal satisfaction of finding a 10-bagger in everyday life?,"Lynch said the most fascinating part of long-term Fast Grower investing is how much time you have to catch them — even a decade after a stock has risen 20 times, it may not be too late if the story has not run its course.",Personal Life,
What personal advice did Lynch give to someone with $1 million to invest?,"Lynch said he would give the same advice to someone with $1 million as to any investor: find your edge and put it to work by adhering to his core investing rules, starting with investing only in what you understand.",Personal Life,
How did Lynch personally think about the relationship between effort and investment results?,"Lynch believed that if you study 10 companies you will find 1 with bright prospects not reflected in the price, and the person who studies 100 will find 10. Effort had a direct, compounding relationship with results.",Personal Life,
What personal trait allowed Lynch to stay invested through the nine corrections he experienced at Magellan?,"Lynch's unwavering focus on company fundamentals rather than market direction kept him calm. He accepted that his fund would decline in every correction because he was always fully invested, and he was at peace with that.",Personal Life,
How did Lynch think about the personal decision of whether to invest in stocks at all?,Lynch believed you need to honestly assess whether you have the personal qualities required — particularly the stomach to watch your portfolio drop 25 to 50 percent without selling — before committing to stocks.,Personal Life,
What personal investing rule did Lynch derive from watching Walmart's decades-long growth?,Lynch believed that underestimating how long a great growth company can maintain its pace is one of the costliest personal mistakes investors make. Nowhere-to-grow theories should always be checked against actual remaining market penetration.,Personal Life,
How did Lynch personally approach the fear of missing a stock that had already risen?,"Lynch rejected the psychological trap of feeling you had missed a stock once it had risen. He argued that if the story remained intact and expansion continued, it was never too late to invest at any stage of a great company's life.",Personal Life,
What was Lynch's personal stance on investing in what you know?,Lynch famously believed that your best investment ideas come from your own professional knowledge and consumer observations. Your edge is not something you get from Wall Street — it is what you already have from your daily life.,Personal Life,
How did Lynch describe the danger of the drumbeat effect from media and peers?,"Lynch warned that ominous messages repeated over and over by friends, relatives, and financial media make it nearly impossible to maintain rational thinking. He recommended a personal policy of ignoring all macro and market commentary.",Personal Life,
What did Lynch say about the personal mistake of getting emotionally attached to a stock?,Lynch warned never to fall in love with a stock and always to have an open mind. Emotional attachment to a holding prevents objective re-evaluation and causes investors to hold through fundamentally deteriorating stories.,Personal Life,
How did Lynch describe his personal relationship with risk as a fund manager?,"Lynch accepted periodic losses, setbacks, and unexpected occurrences as a natural cost of investing. He said you are never going to be right nine times out of ten, and the goal was to tilt the odds in your favor over time, not to be always right.",Personal Life,
What personal lesson did Lynch take from the St. Agnes school stock-picking exercise?,"Lynch admired the simplicity of seventh-grade students who invested only in companies they could explain and understand. Their results validated his belief that simple, consumer-based stock picking outperforms boutique analytical techniques.",Personal Life,
How did Lynch describe the personal danger of preparing for the last crisis rather than the next one?,Lynch called this penultimate preparedness — the tendency to extrapolate recent disasters into the future. This emotional over-reaction to the last crisis consistently leads investors to make the wrong preparation for the next market environment.,Personal Life,
What personal conviction drove Lynch to invest in Cyclicals at their nadir when others would not?,Lynch always assumed the economy would improve. This fundamental personal optimism allowed him to invest in deeply depressed Cyclical companies precisely when prevailing sentiment was most pessimistic and the opportunity was greatest.,Personal Life,
How did Lynch personally define the difference between gambling and investing?,"Lynch said an investment is a gamble in which you have managed to tilt the odds in your favor. The distinction is not in the activity itself but in the skill, dedication, and enterprise of the participant.",Personal Life,
What personal practice kept Lynch from forgetting why he had bought a stock?,"Lynch maintained a logbook where he recorded important details from company reports, reasons for buying, and key story milestones. This personal discipline helped him re-evaluate holdings with objectivity rather than relying on memory.",Personal Life,
How did Lynch describe the personal quality of flexibility in investing?,"Lynch included flexibility in his list of essential investor qualities, meaning the willingness to change your mind when the facts change rather than holding stubbornly to an original thesis that the evidence no longer supports.",Personal Life,
What personal warning did Lynch give about letting sunk cost influence investment decisions?,Lynch warned against holding onto a stock and waiting for it to rebound to a specific price just because you had already lost money on it. He said this painful wait might take a decade and ties up capital in something you do not even believe in.,Personal Life,
What personal philosophy drove Lynch to always stay invested rather than moving to cash?,"Lynch believed that if you decide a certain amount will always remain invested in stocks, you will save yourself a lifetime of mistimed moves and general agony. Staying invested permanently was a core personal conviction.",Personal Life,
What personal observation led Lynch to believe that ordinary investors had a structural advantage?,"Lynch observed that institutions faced career risk that prevented them from buying exciting small unknown stocks. Individual investors faced no such constraint and could act purely on conviction, which was a massive personal structural advantage.",Personal Life,
How did Lynch personally handle the psychological weight of massive fund redemptions at Magellan?,Lynch held enough cash to cover anticipated redemptions but otherwise stayed fully invested. Managing redemption pressure without allowing it to distort his stock-picking decisions required significant personal discipline.,Personal Life,
What personal rule did Lynch follow about calling companies as part of his research?,"Lynch personally called company investor relations regularly, prepared questions in advance, and always ended conversations by asking which competitor the company respected most — a question he found surprisingly revealing about true competitive dynamics.",Personal Life,
How did Lynch describe the value of personal conversations with frontline employees and managers?,"Lynch valued visits to company headquarters and casual conversations with front-office employees at annual meetings to get a feel for company culture, morale, and management quality beyond what could be learned from financial statements.",Personal Life,
What personal insight did Lynch gain from the contrast between how people choose houses versus stocks?,Lynch noted that people spend months carefully choosing a house but pick stocks in minutes. He believed the discipline and due diligence applied to real estate decisions should be matched when selecting stocks.,Personal Life,
How did Lynch personally feel about taking credit for correct investment calls?,"Lynch was careful not to confuse good luck with good skill, and the market shocks he experienced personally reminded him that no investor is immune from being wrong regardless of track record.",Personal Life,
What personal operating principle did Lynch apply to avoid getting distracted by macro noise?,Lynch committed to spending all his time looking at individual companies rather than predicting the economy or stock market. He believed this singular personal focus was the primary source of his long-term outperformance.,Personal Life,
How did Lynch personally describe the emotional experience of holding a stock that was widely ignored?,Lynch admitted it takes remarkable patience to hold a stock that excites you but that no one else cares about. The social pressure to conform to the consensus view was one of the greatest personal challenges in investing.,Personal Life,
What personal characteristic did Lynch say allowed him to profit from fearful market periods?,Lynch's ability to treat scary market periods as buying opportunities — buying when his stomach said sell — was rooted in his personal optimism and his deep faith in the long-term historical returns of equities.,Personal Life,
How did Lynch think about his personal identity as an investor rather than a market timer?,"Lynch defined himself exclusively as a stock picker and company researcher, not a market timer. He believed playing the market had done more damage to investing than almost anything else, and he refused to participate in that game.",Personal Life,
What did Lynch say about the personal importance of systematic investing regardless of market conditions?,"Lynch strongly advocated regular, systematic investing as the best personal defense against emotional market timing. Monthly discipline removed the psychology from the decision of when to invest.",Personal Life,
How did Lynch personally define success in investing?,"Lynch believed that all you need for a lifetime of successful investing is a few big winners, and that the pluses from those will overwhelm the minuses from stocks that fail. A 60 percent win rate was enough to build an enviable record.",Personal Life,
What personal connection did Lynch make between his investing style and his broader personality?,"Lynch described himself as a bloodhound — following scents instinctively across industries and companies. His curious, open, personally engaged style of discovery was inseparable from his investment philosophy.",Personal Life,
How did Lynch personally respond to stocks that rose sharply after he had sold them?,"Lynch trained himself to revisit sold positions objectively rather than avoiding them out of regret. He treated past sales as continuing stories requiring re-evaluation, not as closed chapters that triggered painful memories.",Personal Life,
What personal preparation did Lynch recommend before calling a company's investor relations department?,"Lynch recommended preparing specific questions in advance, mixing small talk with substantive inquiries, and peppering questions with bits of information to signal preparedness — then listening carefully for any reactions that confirmed or challenged his investment thesis.",Personal Life,
What personal observation about the 1980s stock market culture worried Lynch?,"Lynch observed the classic speculation cycle: from the 1960s when nobody cared about stocks, through the 1980s when cabbies were giving tips and every dinner party conversation was about stocks. He recognized this euphoria as a warning sign of excess.",Personal Life,
How did Lynch personally interpret market declines compared to weather?,Lynch compared market corrections to Minnesota winters — cold is predictable if you live there. Investors who understand that declines are inevitable can prepare mentally rather than panicking when temperatures fall.,Personal Life,
What personal investing principle did Lynch summarize as investing is fun, exciting and dangerous if you don't do any work?,"Lynch meant that treating investing as entertainment without rigorous research is a recipe for losses. The fun and excitement only deliver results when backed by disciplined, thorough personal analysis.",Personal Life
How did Lynch personally distinguish between valid and idle worries about a stock?,Lynch said with every company there is always something to worry about. The trick is to check the worries against the facts and separate those grounded in genuine business deterioration from those driven purely by emotion or media noise.,Personal Life,
What did Lynch say about the personal mistake of mourning missed investment opportunities?,Lynch said that money lost through fictional missed opportunities — stocks you did not buy that later went up — is pure self-torture that is not productive and can lead to total madness if allowed to influence future decisions.,Personal Life,
How did Lynch personally relate to the story of Walmart as a lesson in personal conviction?,"Lynch said that throughout Walmart's 27-year rise from 1.6 cents to $23 on a split-adjusted basis, it never looked cheap. Holding a great company through decades of doubt required personal conviction that few investors could maintain.",Personal Life,
What personal insight did Lynch offer about the danger of playing catch-up after missing a stock?,Lynch warned that trying to play catch-up by buying a mediocre stock to compensate for missing a great one converts a costless mistake of omission into an expensive mistake of commission.,Personal Life,
How did Lynch describe the personal challenge of being a contrarian investor?,"Lynch defined the true contrarian as someone who waits patiently for hot ideas to cool down and buys stocks nobody cares about, especially those that make Wall Street yawn. This required resisting the social momentum of popular investment themes.",Personal Life,
What personal lesson did Lynch draw from running Magellan through 13 years with 9 corrections greater than 10 percent?,Lynch said he had a perfect record — all nine times his fund went down. He accepted this as inevitable for a fully invested long-term manager and drew no personal distress from it because his companies continued performing as expected.,Personal Life,
How did Lynch personally view the relationship between simplicity and investment success?,"Lynch believed that the simpler and more understandable the investment idea, the better. He required that any investment be explainable with a crayon, and he found consistently that simple businesses with clear stories delivered the best long-term returns.",Personal Life,
What personal practice did Lynch use when reviewing holdings at the six-month checkup?,"Lynch reviewed each holding as if hearing the story for the very first time, deliberately setting aside his prior history with the stock to make an objective judgment about whether the current price and story still justified ownership.",Personal Life,
How did Lynch personally handle disagreements between his investment thesis and the consensus view?,"Lynch said that for a stock to do better than expected, it must be widely underestimated. When prevailing opinion was more negative than his, he checked and rechecked the facts rather than capitulating to social pressure.",Personal Life,
What did Lynch personally admire about the St. Agnes seventh-grade investment club?,Lynch admired that the students invested only in what they could explain and understand. Their success validated his lifelong belief that direct personal knowledge and simple business models are more powerful than complex analytical frameworks.,Personal Life,
How did Lynch personally think about the concept of having an edge in investing?,Lynch said your edge is not something you get from Wall Street. It is what you already have — personal professional knowledge of an industry or consumer familiarity with a product that analysts in offices cannot replicate.,Personal Life,
What personal belief made Lynch willing to invest in companies in industries surrounded by doom and gloom?,"Lynch believed that the industry surrounded by the most doom and gloom, if its fundamentals were positive, was often the best place to find big winners. His personal contrarian conviction allowed him to act where others feared to tread.",Personal Life,
How did Lynch personally describe the courage required to be a long-term stock investor?,Lynch said that if you can summon the courage and presence of mind to buy during the scary periods that occur every few years — when your stomach says sell — you will find opportunities you never thought you would see again.,Personal Life,
What personal stance did Lynch take toward short selling and pessimism in general?,"Lynch said that unless you are a short seller or a poet looking for a wealthy wife, it never pays to be pessimistic. His permanently optimistic personal outlook was both a personal trait and a deliberate investment strategy.",Personal Life,
How did Lynch personally describe the value of reading widely across industries?,"Lynch said that if you look at 10 companies you will find 1 that is interesting, if you look at 20 you will find 2, and in 100 you will find 10. Personal curiosity and breadth of reading were direct multipliers of investment opportunity.",Personal Life,
What personal philosophy did Lynch have about the correct number of stocks to follow?,Lynch believed you should own as many stocks as there are situations where you have a genuine edge and have uncovered an exciting prospect that passes all your tests. There is no magic number — it depends entirely on personal knowledge and capacity.,Personal Life,
How did Lynch personally define the difference between an investor and a market timer?,Lynch said that long-term investors stay in the market forever and rotate stocks based on fundamental situations. Market timers who exit and re-enter inevitably miss big gains and destroy returns through ill-timed moves.,Personal Life,
What personal observation did Lynch make about the quality of research produced under Fidelity's structure?,"Lynch noted that because Fidelity analysts had to do their own research and could not blame others, there was double the investigation compared to firms with divided research responsibilities. Personal accountability produced better work.",Personal Life,
How did Lynch personally respond to the fear that the next recession would be the one that ruins everything?,"Lynch said every recession brings sceptics who doubt recovery will ever come, predicting depression and bankruptcy. He personally rejected this extrapolation every time, believing the economy's long history of recovery was the more reliable guide.",Personal Life,
What personal rule did Lynch have about investing in companies he could not understand?,"Lynch's rule was never to invest in any idea he could not illustrate with a crayon. If the business was too complex or abstract to explain simply, he moved on to something he genuinely understood.",Personal Life,
How did Lynch personally think about the trade-off between concentration and diversification?,Lynch believed that by owning too many stocks you lose the advantage of concentration. A small investor with knowledge of five great companies can dramatically outperform a fund forced to diversify across hundreds of mediocre holdings.,Personal Life,
What did Lynch say was the biggest personal mistake investors make with their stock portfolios?,Lynch identified selling winners too early and holding onto losers as the most universal and costly personal mistake — what he called pulling out the flowers and watering the weeds.,Personal Life,
How did Lynch personally demonstrate flexibility by changing his view on a holding?,"Lynch's 6-month checkup process formalized personal flexibility. If the story had gotten worse, he reduced the position regardless of emotional attachment. If it had gotten better, he added. The story, not the price, determined his personal response.",Personal Life,
What personal belief did Lynch have about the long-term returns of stocks versus bonds?,"Lynch believed that in the long run, a portfolio of well-chosen stocks will always outperform bonds or money market accounts, noting that over 70 years stocks returned 10.3 percent annually versus 4.8 percent for bonds.",Personal Life,
How did Lynch personally connect his faith in America to his investment philosophy?,"Lynch's long-term optimism about stocks was inseparable from his personal faith in the country — that people would go to work, companies would make money, and new exciting businesses would always emerge to replace fading ones.",Personal Life,
What personal conviction did Lynch express about the ability of every person to succeed in investing?,"Lynch believed everyone has the brainpower to make money in stocks — not everyone has the stomach. He felt the barrier to investment success was personal emotional discipline, not intellectual capacity.",Personal Life,
How did Lynch personally define the role of common sense in investing?,"Lynch valued common sense as one of the essential personal investor qualities. He believed that straightforward observation of what businesses were growing, what products people were buying, and what was changing in daily life was more valuable than sophisticated financial modeling.",Personal Life,
How did Lynch personally think about the long-term value of holding great companies through difficult periods?,"Lynch said time is on your side when you own shares of superior companies. You can afford to be patient. Even if you missed Walmart in the first five years, it was a great stock to own in the next five.",Personal Life,
What personal disappointment did Lynch acknowledge about the investment industry?,"Lynch was frustrated that 75 percent of mutual funds performed below market averages. He attributed this to lousy stock pickers, herd instinct producing closet indexers, and institutional constraints that prevented fund managers from acting on their best ideas.",Personal Life,
How did Lynch personally approach the challenge of investing in companies no one else was following?,Lynch said some of his greatest opportunities came from companies where Wall Street analysts had grown bored or moved on. He personally sought out once-popular stocks that were now abandoned and re-examined them with fresh eyes.,Personal Life,
What personal experience shaped Lynch's view that the amateur investor can outperform professionals?,Lynch observed that his best stock ideas often came from everyday consumer experiences and professional industry knowledge rather than from complex analysis. The consumer and professional edges available to ordinary people were genuinely powerful advantages.,Personal Life,
How did Lynch personally describe the importance of detachment as an investor quality?,"Lynch listed detachment as an essential personal quality, meaning the ability to evaluate investments objectively without being swayed by emotional attachment, public opinion, or the drumbeat of negative media coverage.",Personal Life,
What personal warning did Lynch give about the dangers of investing in hot industries?,Lynch personally avoided the hottest stocks in the hottest industries because high growth attracted smart competitors who eroded margins quickly. He found far greater and more durable opportunities in boring companies in slow-growth industries.,Personal Life,
How did Lynch personally handle the psychological challenge of a stock that refused to move for years?,"Lynch said that the most money he made came in the third and fourth years of owning a position. He personally trained himself to interpret years of price inaction as patience being rewarded in the future, not as evidence that he was wrong.",Personal Life,
What personal philosophy did Lynch express about the relationship between simple ideas and great investments?,"Lynch personally found that the most straightforward and boring investment ideas — dull names, disagreeable businesses, slow industries — consistently outperformed the exciting, complex, high-profile ideas that attracted the most Wall Street attention.",Personal Life,
How did Lynch personally balance his aggressive research work ethic with the acknowledgment that markets are unpredictable?,"Lynch accepted that even with 700 annual reports read and 400 company visits per year, he would be wrong on many picks. He built this acceptance into his philosophy by targeting a 60 percent win rate and letting a few large winners drive overall returns.",Personal Life,
What personal observation did Lynch make about the relationship between corporate office extravagance and shareholder value?,Lynch said the extravagance of any corporate office is directly proportional to management's reluctance to reward shareholders. He personally favored thrifty companies that maximized efficiency and returned cash to owners.,Personal Life,
How did Lynch personally reflect on the fact that stocks do not know who owns them?,Lynch said that a stock does not know you own it and the market has no obligation to validate your thesis on your schedule. This personal insight kept him focused on business fundamentals rather than short-term price movements.,Personal Life,
What did Lynch personally believe about the value of attending annual meetings?,"Lynch valued annual meetings as an opportunity to informally meet front-office employees and investor relations representatives, gathering soft intelligence about company culture and management quality that did not appear in financial reports.",Personal Life,
How did Lynch personally describe the risk of becoming a market timer rather than a long-term investor?,"Lynch said people who exit stocks to avoid corrections become market timers, and unless their timing is very good, the market will run away from them. Turning from a long-term investor into a short-term timer was a personal failure he consistently warned against.",Personal Life,
What personal financial philosophy did Lynch hold about the stock-to-bond allocation in a portfolio?,Lynch believed most people err on the side of income and short-change growth. He argued that increasing the stock percentage to the limits of your personal tolerance for volatility was almost always the right long-term financial decision.,Personal Life,
How did Lynch personally describe the courage needed to be a contrarian buyer during market panics?,Lynch said the best time to buy is always the day you have convinced yourself you have found solid merchandise at a good price — the same discipline you would apply in a mall — regardless of what the broader market is doing.,Personal Life,
What personal trait did Lynch say separated consistent winners from everyone else in the stock market?,Lynch said consistent winners raise their bets as their position strengthens and exit the game when odds turn against them. This combination of conviction when right and discipline when wrong was the defining personal characteristic of long-term investment success.,Personal Life,
What is the foundation of Peter Lynch's stock classification system?,"Lynch's system begins by categorizing stocks first by company size and then by story type. The six categories are Slow Growers, Stalwarts, Fast Growers, Cyclicals, Turnarounds, and Asset Plays. Correct classification sets appropriate return expectations and guides all future actions.",Strategy Development,
Why did Lynch believe categorizing stocks was essential before investing?,"Proper categorization tells you the possible future trajectory of the company and provides an efficient checklist to measure performance. Without it, you risk holding a Stalwart hoping for Fast Grower returns or selling a Cyclical at the wrong point in its cycle.",Strategy Development,
What distinguishes a Slow Grower from other stock categories in Lynch's system?,"Slow Growers are usually large and aging companies growing at roughly the same rate as GNP. They pay large regular dividends, have the lowest PE ratios, and Lynch allocated zero percent to them because without growth, earnings and price are unlikely to move.",Strategy Development,
Why did Lynch allocate zero percent of his portfolio to Slow Growers?,"Lynch felt that without meaningful growth, earnings and price would not move appreciably. The only return available from Slow Growers was PE re-rating during bull markets, which was too uncertain to justify an allocation.",Strategy Development,
What is the Bladder Theory of Corporate Finance according to Lynch?,"Lynch described the bladder theory as: the more cash that builds up in a company's treasury, the greater the pressure to piss it away. Companies that don't pay dividends and accumulate cash tend to make unrelated, overpriced acquisitions that destroy value.",Strategy Development,
What are the defining traits of a Stalwart stock in Lynch's classification?,"Stalwarts grow at roughly twice the GNP growth rate. They are large, well-established companies that rarely go bankrupt, offer good protection in hard times, and can deliver 30 to 50 percent returns over two years if bought at the right price.",Strategy Development,
How much portfolio allocation did Lynch give to Stalwarts and why?,"Lynch allocated 10 to 20 percent to Stalwarts. Their role was to moderate portfolio risk when it was otherwise heavily weighted in Fast Growers and Turnarounds, providing defensive protection without sacrificing all growth potential.",Strategy Development,
What is Lynch's definition of a Fast Grower and what returns does it offer?,"Fast Growers are small, aggressive new companies growing at 20 to 25 percent annually. They represent the land of 10 to 40 baggers, and occasionally 200 baggers. One or two such companies can make an entire investing career.",Strategy Development,
What growth rate did Lynch consider the investment sweet spot for Fast Growers?,"Lynch preferred 20 to 25 percent annual growth as the sweet spot. He was cautious about growth rates above 25 percent, as frenetic growth of 40 percent or more is rarely sustainable and often leads to self-destruction.",Strategy Development,
What are the three life phases of a Fast Grower and which is best for investors?,"The three phases are startup, rapid expansion, and maturity or saturation. Lynch identified rapid expansion as the safest and most profitable phase for investors, as growth is merely an act of duplication across markets and success is already proven.",Strategy Development,
What is Lynch's definition of a Cyclical stock?,"Cyclicals are companies whose sales and profits rise and fall in a regular pattern as the broader economy expands and contracts. Examples include autos, steel, airlines, chemicals, and non-ferrous metals. Timing is everything when investing in Cyclicals.",Strategy Development,
Why did Lynch call Cyclicals the most misunderstood category of stocks?,"Lynch said large Cyclicals are falsely classified by most investors as defensive Stalwarts. In a slump, a defensive Stalwart might lose 50 percent but a Cyclical can lose 80 percent. This misunderstanding causes investors to hold Cyclicals through catastrophic declines.",Strategy Development,
What makes a Turnaround stock attractive to Lynch despite its high risk?,"Turnarounds make up lost ground very quickly and their performance is largely unrelated to overall market moves. Lynch looked for strong balance sheets, credible recovery plans, declining inventory, and insider buying as signals of genuine turnarounds.",Strategy Development,
What are the five types of Turnaround situations Lynch identified?,"Lynch identified bail-us-out-or-else government-dependent turnarounds, who-would-have-thought utility failures, unanticipated problem situations, good companies inside bad ones such as spinoffs, and restructuring situations where loss-making businesses are being sold off.",Strategy Development,
What is Lynch's definition of an Asset Play?,"Asset Plays are companies whose valuable assets — real estate, patents, brands, mineral rights, or cash — are overlooked or undervalued by Wall Street. Lynch used local knowledge to identify hidden asset values before they were widely recognized.",Strategy Development,
Why did Lynch allocate zero percent to Asset Plays in the Magellan portfolio?,"Lynch felt Asset Plays were best suited for investors with specific local knowledge of the hidden assets. Without that edge, the expected return of 2 to 5 times was too modest and the catalyst for unlocking value too uncertain to justify a portfolio allocation.",Strategy Development,
What is the PEG ratio and how did Lynch use it?,"PEG is calculated as the PE ratio divided by the growth rate plus dividend yield. A PEG below 1 was attractive, around 1 was fair, and above 2 was expensive. Lynch used it as his primary tool for determining whether a stock's price was justified by its growth.",Strategy Development,
How did Lynch use the Two Minute Drill in his investment process?,"Before buying any stock, Lynch required the ability to articulate in two minutes: the reasons for interest in the company, what must happen for it to succeed, and what pitfalls stand in its path. If a fifth grader could not understand and stay engaged, the idea was not ready.",Strategy Development,
What characteristics made a stock perfect in Lynch's eyes?,"Lynch's perfect stock had a dull or ridiculous name, a boring or disagreeable business, spinoff origins, no institutional ownership, no analyst coverage, false negative rumors, habit-based customer purchases, insider buying, and active share buyback programs.",Strategy Development,
What types of stocks did Lynch explicitly tell investors to avoid?,"Lynch avoided the hottest stocks in hot industries, companies marketed as the next IBM, diworseifiers making unrelated acquisitions, whisper stocks with unproven exciting stories, companies with a single large customer, and companies with flashy names masking mediocre businesses.",Strategy Development,
What does Lynch mean by the term diworseification?,"Diworseification refers to companies making overpriced, unrelated acquisitions rather than returning cash to shareholders through buybacks or dividends. Lynch viewed it as capital misallocation that destroyed value and almost always preceded disappointing stock performance.",Strategy Development,
How did Lynch think about investing in slow-growth or lousy industries?,Lynch preferred moderately fast growers in slow-growth industries because weak competitors drop out and survivors capture growing market share. He called zero-growth industries zero-competition environments and considered them among the best places to find durable winners.,Strategy Development,
What is Lynch's view on the relationship between industry growth rates and investment returns?,"Lynch argued that high-growth hot industries attract too many smart competitors who erode margins. The greatest companies in lousy industries — with low costs, no leverage, and market niches — produce more consistent and durable returns than those in exciting high-growth sectors.",Strategy Development,
How did Lynch describe the ideal Fast Grower in a slow-growth industry?,"Lynch wanted companies with niches that allowed them to capture market share without price competition. He believed that in business, competition is never as healthy as total domination, making niche dominance in a slow industry the most valuable competitive position.",Strategy Development,
What five ways did Lynch identify for a Turnaround company to improve its earnings?,"Lynch looked for earnings improvement through: lower costs, higher prices, expansion into new markets, higher volume sold in old markets, and changes to or closure of loss-making operations.",Strategy Development,
How did Lynch evaluate whether a Fast Grower's expansion plan was working?,"Lynch verified that the company had successfully duplicated its business model in multiple markets, could attract skilled labor, had adequate financing, was following a methodical and steady expansion pace of 35 to 40 new locations per year, and was avoiding overzealous over-expansion.",Strategy Development,
What was Lynch's view on the risk of opening too many stores too quickly for a Fast Grower?,"Lynch warned that when a company tried to open more than 100 stores per year, it was likely to pick wrong sites, hire poor managers, pay too much for real estate, and fail to train employees properly. Slow and steady expansion won the Fast Grower race.",Strategy Development,
What drove Lynch's preference for spinoffs as investment opportunities?,"Spinoffs have strong balance sheets, receive little institutional attention because shares are often sold quickly, are managed by new leadership with incentives to cut costs, generate little analyst coverage, and are misunderstood — all of Lynch's ideal characteristics.",Strategy Development,
How did Lynch think about the role of insider buying as a stock selection signal?,"Lynch viewed insider buying as a strong positive because management buys for only one reason — they believe the stock is undervalued. Multiple insiders buying simultaneously was especially bullish. He distinguished it from insider selling, which could have many innocent explanations.",Strategy Development,
What is Lynch's view on share buybacks as a signal for stock selection?,Lynch viewed active share repurchases as one of the most direct signs that management was prioritizing shareholder returns over empire building. He listed buybacks among the characteristics of a perfect stock.,Strategy Development,
How did Lynch use institutional ownership levels in his stock selection process?,"Lynch preferred stocks with low or zero institutional ownership and minimal analyst coverage, as these meant growth expectations were not yet captured in the price or PE. Conversely, institutional ownership at 60 percent or more was a sell signal.",Strategy Development,
How did Lynch describe the strategy of rotating between stock categories?,Lynch's core portfolio strategy involved continuously rotating out of stocks where price had outrun fundamentals and rotating into stocks where fundamentals were stronger than price. This ongoing comparison kept the portfolio constantly improving.,Strategy Development,
What was Lynch's portfolio allocation framework at Magellan across the six stock categories?,"At Magellan, Lynch allocated 30 to 40 percent to Fast Growers, 20 to 50 percent to Turnarounds, and 10 to 20 percent to Stalwarts and Cyclicals, with zero percent to Slow Growers and Asset Plays.",Strategy Development,
What allocation did Lynch recommend for a personal 10-stock portfolio?,"Lynch recommended 40 percent in Fast Growers, 40 percent in Turnarounds, and 20 percent in Stalwarts for a personal investor with a 10-stock portfolio, balancing high-return potential against defensive protection.",Strategy Development,
Why did Lynch compare portfolio construction to building a sports team?,"Lynch said a portfolio cannot be one dimensional. Just as a fantasy sports team of five Lebron Jameses would face disadvantages in speed and size, a portfolio of only Fast Growers or only Stalwarts would have blind spots. Covering all positions balanced offense with defense.",Strategy Development,
How did Lynch think about portfolio construction for younger versus older investors?,Younger investors with a lifetime of earnings ahead of them could afford more in 10-bagger opportunities like Fast Growers. Older investors nearing retirement might prefer more dividend income and capital preservation from Stalwarts and bonds.,Strategy Development,
What did Lynch say about diversifying into unknown companies just for the sake of diversification?,Lynch said there is no use diversifying into companies you know nothing about just for the sake of diversity. Every holding should have a well-understood story and a specific reason for being in the portfolio.,Strategy Development,
What is Lynch's Rule of Five for small individual investors?,"Lynch suggested small investors could limit their portfolio to five stocks. If just one becomes a 10-bagger and the other four go nowhere, the portfolio triples. The more stocks you own, the more likely one of them will deliver exceptional returns.",Strategy Development,
How did Lynch describe the combat theory of investing?,"Lynch's combat theory stated that during a war, you should not buy the companies doing the fighting but the ones selling bullets — the suppliers, infrastructure providers, and pickaxe sellers rather than the miners themselves.",Strategy Development,
How did Lynch approach investing in the gold rush analogy?,"Lynch noted that during the Gold Rush, people selling picks and shovels did better than the miners. During mutual fund popularity periods, investing in fund companies was more rewarding than investing in their funds.",Strategy Development,
How did Lynch evaluate savings and loan companies specifically?,"Lynch evaluated S&Ls on equity-to-assets ratio, book value, PE, proportion of high-risk commercial loans, 90-day non-performing assets, dividend yield, real estate owned, and overhead costs. He preferred no-frills low-cost operators with loyal neighborhood depositor bases.",Strategy Development,
What was Lynch's strategy for identifying a stock that the market had significantly undervalued?,Lynch looked for companies where the prevailing negative opinion was more pessimistic than his own analysis justified. The existence of widespread doubt was precisely what created the conditions for a big gain once fears were put to rest.,Strategy Development,
How did Lynch use the earnings line versus price line to guide his strategy?,Lynch compared the earnings line to the price line over time. A price below the earnings line signaled a buying opportunity. A price dramatically above the earnings line signaled overvaluation and a potential rotation trigger.,Strategy Development,
What was Lynch's strategy when he liked a company's story but not its price?,"When he loved the company but found the PE too high, Lynch made a small initial commitment and planned to increase it at the next selloff. He accepted the risk of further declines after his initial purchase and mentally committed to buying more if the story held.",Strategy Development,
What role did the 90-second presentation format play in Lynch's strategy development?,"Lynch formalized the ability to explain any stock idea in 90 seconds as a quality control mechanism. If you needed more than that to explain why you owned a company, you did not have sufficient clarity about the story to own it.",Strategy Development,
How did Lynch think about the relationship between earnings growth and stock price returns over the long term?,"Lynch believed that in the long term, there is a 100 percent correlation between the success of a company and the performance of its stock. Short-term disconnections between price and earnings created the buying opportunities he sought.",Strategy Development,
What was Lynch's strategy for dealing with stocks where the story was changing?,"Lynch said that with Turnarounds especially, Wall Street ignores change because the old impression is so powerful. He monitored evolving stories closely and acted on improvements before consensus opinion caught up.",Strategy Development,
How did Lynch evaluate the story quality of a potential investment?,"Lynch required every stock to have a clear, articulable story that explained why it would succeed. The more certain he was about what dynamic would keep earnings moving, the more confident he was in sizing the position.",Strategy Development,
What was Lynch's strategy for Fast Grower companies with very high PE ratios?,"Lynch would not automatically avoid a high-PE Fast Grower if the PEG ratio was still attractive. A 20 percent grower at 20 times PE with a PEG of 1 was preferable to a 10 percent grower at 10 times PE with the same PEG ratio, because of superior compounding.",Strategy Development,
How did Lynch think about the risk of a Fast Grower transitioning into a Slow Grower?,"Lynch monitored re-classification signals continuously. A large Fast Grower that could not maintain double-digit growth faced devaluation risk as it got re-classified. He said every Fast Grower eventually turns into a Slow Grower, fooling many investors who do not notice the transition.",Strategy Development,
What was Lynch's strategy for investing in restaurant and retail Fast Growers specifically?,"Lynch favored restaurant and retail Fast Growers because they could expand across the country at 20 percent per year for 10 to 15 years, were protected from foreign competition, benefited from taste homogeneity making brand success in one mall predictive of success in another, and had clear, visible expansion progress he could monitor.",Strategy Development,
How did Lynch assess whether a restaurant or retailer had room to grow?,"Lynch checked actual market penetration versus total addressable market. He cited Walmart at 15 percent US market penetration when analysts claimed it was saturated, and the company subsequently went up 50 times more. Actual remaining runway, not analyst opinion, drove his assessment.",Strategy Development,
What was Lynch's strategy when a company's same-store sales started declining?,"Declining same-store sales were one of Lynch's most serious warning signs for a Fast Grower. If the last quarter showed a 3 percent decline while the company was still telling positive stories rather than showing positive results, Lynch began preparing to exit.",Strategy Development,
How did Lynch evaluate whether a Cyclical stock was worth buying during a downturn?,"Lynch checked inventories, balance sheet strength, competitive position, and whether the entire industry was depressed or just the individual company. He preferred companies that had strengthened their balance sheets near breakeven, as these had the most potential when the industry picked up.",Strategy Development,
How did Lynch use operating profit margin to compare Cyclical companies?,"Lynch held high-OPM Cyclicals — the lowest-cost producers — for the long term as they were more likely to survive downturns. He played low-OPM Cyclicals for successful turnarounds and cycle turns, as they benefited disproportionately from volume recovery.",Strategy Development,
What was Lynch's strategy for determining when a Cyclical's inventory position was improving?,Lynch monitored inventory relative to sales growth. Depleting inventory in a depressed Cyclical was his first evidence of a possible business turnaround. Inventory growth exceeding sales growth was a red flag that conditions were deteriorating.,Strategy Development,
How did Lynch think about the relationship between pent-up demand and Cyclical auto stocks?,"Lynch tracked actual auto unit sales versus demographic trend estimates to calculate pent-up demand. After four to five years below trend, he expected an equal period of above-trend sales. Knowing this rhythm prevented him from selling auto stocks too early.",Strategy Development,
What was Lynch's overall strategy framework for Asset Plays?,"Lynch entered Asset Plays only when he had specific local knowledge confirming that NAV was 2 to 5 times the current price, the company was not adding debt that reduced NAV, and there was a visible catalyst — a raider, activist, or restructuring — to unlock the hidden value.",Strategy Development,
How did Lynch approach the question of how many stocks to own in a portfolio?,Lynch said you should own as many stocks as there are situations where you have an edge and have uncovered an exciting prospect that passes all your tests. This could be one stock or a dozen. Forced diversification without conviction was worse than concentration with knowledge.,Strategy Development,
What did Lynch say about the strategy of holding stocks across multiple categories simultaneously?,"Lynch believed a healthy portfolio covered multiple stock categories simultaneously, just as a winning sports team needed players in every position. The mix balanced high-risk high-reward Fast Growers and Turnarounds with the stability of Stalwarts.",Strategy Development,
What was Lynch's strategy for the 500 secondary stocks he monitored at Magellan?,Lynch maintained 500 secondary stocks that were monitored periodically and could be promoted to primary positions if new developments bolstered confidence. This reserve pool provided a constant source of upgrade opportunities to improve the core portfolio.,Strategy Development,
What did Lynch say about the danger of selling a stock at 2 times if the original story was still intact?,"Lynch said if you sell at 2 times you will never get 10 times. As long as same-store sales were rising, debt was manageable, and expansion followed the stated plan, the original story intact justified holding for much larger gains.",Strategy Development,
What was Lynch's strategy for Stalwarts after a 50 percent gain?,Lynch took the 30 to 50 percent return on a Stalwart and rotated the proceeds into another Stalwart trading at the lower end of its PE range with more favorable story momentum. Six such rotations at 25 to 30 percent compounding produced 4 to 5 times the original investment.,Strategy Development,
How did Lynch think about investing in companies that had hidden assets like brands or patents?,"Lynch valued hidden assets that grew larger over time while management penalized the P&L through amortization, R&D, and branding expenses. When these expenses stopped or the new product launched, EPS would jump, creating the surprise earnings that drove big stock moves.",Strategy Development,
How did Lynch identify the best companies within a troubled industry?,"Lynch looked for companies with staying power — strong balance sheets, low debt, and the ability to outlast competitors through the downturn. He waited for signs of genuine revival rather than buying solely on the expectation that any company in a recovering industry would do well.",Strategy Development,
What was Lynch's approach to valuing Cyclical stocks using PE ratios?,"Lynch said that with Cyclicals, a low PE is often a warning sign that the cycle is peaking, while a high PE may signal the worst is over and earnings are about to recover. He reversed the normal PE interpretation when evaluating Cyclicals.",Strategy Development,
How did Lynch think about the relationship between growth and expansion for Fast Growers?,"Lynch distinguished growth from expansion, noting that companies could increase earnings through cost cuts and price increases even without physical expansion. Earnings growth, not unit growth, was the only growth that truly counted in his analysis.",Strategy Development,
What was Lynch's strategy for evaluating a Turnaround's balance sheet before investing?,"Lynch checked whether the company could survive a raid by short-term creditors, preferred long-term funded debt over callable bank debt, looked for pension liabilities and capitalized interest expenses in asset values, and verified that raw material inventories were more liquid than finished goods.",Strategy Development,
How did Lynch approach investing in Master Limited Partnerships?,"Lynch valued MLPs because their special tax paperwork requirements discouraged most investors, creating attractive valuations. They typically distributed all earnings as high dividends and were involved in simple, down-to-earth businesses. He recommended that most investors access them through funds.",Strategy Development,
How did Lynch apply the strategy of looking for good companies inside bad ones?,"Lynch watched for spinoffs from troubled parents where institutional sellers created artificially depressed prices. He looked for insider buying after one to two months, checked whether the parent had strengthened the spinoff's balance sheet pre-separation, and waited for Wall Street to stop ignoring the new entity.",Strategy Development,
What was Lynch's strategy for high-yield utility stocks as interest rate Cyclicals?,"Lynch treated utilities as interest-rate Cyclicals, entering at up to 10 percent of portfolio when rates were declining and the economy was sluggish. He timed entry and exit based on interest rate direction rather than on standard utility analysis.",Strategy Development,
How did Lynch think about the strategy of investing in insurance companies?,"Lynch noted that in US and European insurance, premium rates rise months before earnings show any improvement. Buying when rates first began to rise — before the earnings confirmation — could produce a 4 times return: 2 times from rate anticipation and another 2 times on the higher earnings that followed.",Strategy Development,
What role did the advance-decline ratio play in Lynch's strategy?,"Lynch watched the advance-decline ratio to assess true market breadth. When the ratio deteriorated even as headline indices rose, it signaled narrowing market leadership — a sign that the underlying strategy of finding overlooked opportunities was even more relevant.",Strategy Development,
How did Lynch describe the strategy of buying when analysts were bored with a sector?,"Lynch said the real bargains are in industries that Wall Street ignores. Popular large conglomerates had 50 analysts watching every move, bidding prices to silly PE levels. The uninvestigated, unpopular company was where genuine pricing inefficiencies existed.",Strategy Development,
What was Lynch's strategy regarding stocks that had previously been great performers but were now out of fashion?,"Lynch was equally enthusiastic about once-popular stocks now abandoned by institutions and analysts, as these fallen former favorites often had solid underlying businesses trading at depressed valuations due to changed sentiment rather than changed fundamentals.",Strategy Development,
How did Lynch evaluate whether a Turnaround thesis was working?,"Lynch asked whether the company had gone about improving its fortunes and whether the plan was working — through evidence such as rising market share, new product launches, costs being cut, and earnings turning higher.",Strategy Development,
What was Lynch's strategy for investing in closed-end country funds?,"Lynch looked for closed-end country funds trading at 20 to 25 percent discounts to NAV in unpopular markets. He checked whether the manager had in-country experience, verified proper information disclosure, and ensured currency stability and government business-friendliness before committing.",Strategy Development,
What was Lynch's view on the strategy of investing regularly regardless of market conditions?,Lynch favored systematic regular investing because it removed the psychological and market-timing risks from the decision of when to invest. A study showed that investing at the yearly low for 30 years produced only 1.1 percent more annually than investing at the yearly high.,Strategy Development,
How did Lynch think about the role of dividend payments in his stock selection strategy?,Lynch noted that stocks paying dividends were favored because dividends create a floor price that prevents stocks from falling as far in crashes. Investors seeking high yield would step in to buy as prices fell. A company that cuts its dividend leaves investors with nothing to hold onto.,Strategy Development,
How did Lynch approach the strategy of evaluating a company's management quality?,"Lynch said management ability might be important but is difficult to assess directly. Rather than betting on management quality, he preferred buying on a company's prospects — its market position, financial structure, and growth runway — where the evidence was more concrete and verifiable.",Strategy Development,
What did Lynch mean by the strategy of staying on the offensive rather than the defensive?,Rather than buying stocks and then finding reasons to hold them defensively — Wall Street style — Lynch stayed on the offensive by continuously searching for better undervalued opportunities to replace current holdings where price had outrun fundamentals.,Strategy Development,
How did Lynch approach the investment strategy for companies with a depressing or disagreeable business?,"Lynch actively sought out companies doing depressing or disagreeable things — funeral homes, waste management, pest control — because institutional investors and individual investors avoided them emotionally, creating pricing inefficiencies that patient, objective investors could exploit.",Strategy Development,
What was Lynch's strategy for evaluating a company's new product pipeline?,Lynch was cautious if a Stalwart's new products from the past two years had mixed results and products in testing were more than one year from market launch. This pipeline gap suggested future earnings growth would be harder to achieve than consensus estimates implied.,Strategy Development,
How did Lynch apply the strategy of looking for companies that benefited from technology without being technology companies?,Lynch preferred companies that used technology to reduce costs rather than companies that made the technology itself. He cited ADP benefiting from falling computer prices and retailers benefiting from scanner technology as examples of tech-enabled winners without tech-company risk.,Strategy Development,
What was Lynch's strategy for evaluating stocks with low PE ratios in non-Cyclical categories?,"For non-Cyclical stocks, Lynch viewed low PE relative to the growth rate as genuinely attractive. He combined PEG analysis with dividend yield, looking for total PEG below 1 for the most compelling bargains.",Strategy Development,
How did Lynch think about the danger of false starts in Cyclical recoveries?,"Lynch noted that large institutions try to get a jump on competitors by buying Cyclicals before any signs of recovery, causing false starts where stock prices run up and then fall back with each contradictory economic statistic. He worked to verify underlying inventory and business data rather than reacting to false signals.",Strategy Development,
What was Lynch's strategy for evaluating restructuring Turnarounds specifically?,"Lynch looked for Turnarounds where the company had previously diworseified but was now selling loss-making businesses, cutting costs, and refocusing on its best operations. He required evidence that the restructuring plan was being executed and that the retained businesses had improving market share.",Strategy Development,
How did Lynch evaluate a potential 10-bagger opportunity at the start of his investment process?,"Lynch looked for early Phase II companies with 20 to 25 percent growth rates, proven model duplication in multiple markets, manageable debt, remaining expansion runway, favorable PEG, and minimal institutional ownership or analyst coverage.",Strategy Development,
What was Lynch's strategy for investing in companies with strong franchise characteristics?,"Lynch valued companies with niches — exclusive franchises, patents, newspaper monopolies, cable licenses, rock quarry rights, or powerful brand names — because these created durable pricing power and barriers to entry that traditional competitor analysis often missed.",Strategy Development,
How did Lynch approach the strategy of evaluating a company's capital allocation decisions?,"Lynch evaluated whether management was using excess cash for dividends, buybacks, or productive new investments versus making overpriced unrelated acquisitions. A vigorous buyback was, in Lynch's words, the purest form of synergy.",Strategy Development,
What was Lynch's strategy for handling a good story in a company that had very high uncertainty in the short term?,"Lynch said it was best not to own the company during an uncertain stage unless you were prepared to buy more on any sharp drop. Over the long term, if you were convinced the company would do well, short-term uncertainty was simply the price of future returns.",Strategy Development,
What was Lynch's view on investing in emerging growth stocks versus large-cap stocks?,"Lynch monitored the ratio of small-cap PE to S&P 500 PE. When this ratio fell below 1.2 times, emerging growth stocks were attractively priced and offered better risk-reward than large caps. He recognized that small-cap rallies could take years to gather momentum.",Strategy Development,
What strategy did Lynch use to evaluate whether a Slow Grower stock was worth holding?,"Lynch checked whether dividends had always been paid and raised, whether the payout ratio was sustainable, whether the company had stopped making unrelated acquisitions, and whether R&D investment was maintaining future product capabilities.",Strategy Development,
How did Lynch approach the risk of investing in companies at the beginning of Phase I startup?,Lynch generally avoided Phase I startup companies because success was not yet established and the risk of permanent capital loss was highest. He preferred to enter in Phase II once the business model had been proven and duplicated in multiple markets.,Strategy Development,
What strategy did Lynch use to evaluate the financial strength of a potential Turnaround?,"Lynch examined whether long-term funded debt was preferable to short-term callable bank debt, whether inventory growth was outpacing sales growth, whether asset values including pension liabilities were realistic, and whether the company had a credible path to breakeven.",Strategy Development,
How did Lynch compare the strategy of owning funds versus individual stocks?,"Lynch said owning a fund required the same discipline as owning an individual stock — you had to hold it, especially through declines. He recommended a multi-fund strategy with different managers pursuing different styles, since no single style outperforms in all market environments.",Strategy Development,
What was Lynch's strategy for investing in bond funds specifically?,"Lynch said bonds were safer to buy in funds only if they were corporate or junk bonds, where diversification limits default risk. For treasury bonds, owning them directly was simpler and less expensive than paying fund management fees.",Strategy Development,
How did Lynch describe the strategic advantage of the individual investor over institutional fund managers?,Lynch said individual investors could concentrate in five great companies while fund managers were forced to diversify across hundreds of positions. Concentration with knowledge was the small investor's greatest strategic weapon.,Strategy Development,
What strategy did Lynch recommend for building a diversified fund portfolio?,"Lynch recommended owning one fund from each of the five styles: capital appreciation, value, quality growth, emerging growth, and special situations, supplemented by a utilities or equity income fund and optionally two index funds covering the S&P 500 and Russell 2000.",Strategy Development,
What was Lynch's strategy for handling new money in a multi-fund portfolio?,"Lynch said the sophisticated approach was to deploy new money only into the funds that had lagged, rather than distributing equally across all holdings. This naturally bought more of what was cheapest and less of what had already outperformed.",Strategy Development,
How did Lynch approach the strategy of investing in Convertible funds?,Lynch called convertible funds an underrated way to enjoy the best of both worlds: high performance of secondary and small-cap stocks combined with bond-like stability. He recommended buying convertible funds when the spread between convertible and corporate bonds was narrow at 1.5 to 2 percent.,Strategy Development,
What was Lynch's strategy for the second half of a Cyclical investment after the initial recovery?,"Lynch recognized that as business went from good to excellent, the marginal gain slowed. The biggest returns came in the early recovery phases. He monitored capacity utilization, labor cost pressures, and commodity prices as signals that the cycle was peaking and it was time to begin rotating out.",Strategy Development,
How did Lynch approach investing in high-yield S&P 500 dividend stocks as a strategy?,Lynch said you can hardly go wrong by building a full portfolio of companies that have raised dividends for 10 to 20 years in a row. The combination of rising income and capital appreciation from these companies provided a dependable long-term strategy.,Strategy Development,
What was Lynch's strategy when facing a market where he could find no attractively priced stocks?,"Lynch said the only way to know the market is overvalued is when you cannot find a single company that is reasonably priced or meets your investment criteria. At that point, he held cash until opportunities re-emerged rather than forcing investments into overpriced situations.",Strategy Development,
How did Lynch describe the strategic role of the 6-month portfolio checkup?,"Every six months, Lynch re-evaluated each holding as if hearing the story for the first time. The checkup matrix compared price direction against earnings direction and produced one of three strategic conclusions: add, hold, or rotate into a better opportunity.",Strategy Development,
What was Lynch's strategic view on the use of options and futures to hedge a portfolio?,"Lynch was strongly against using options and futures as hedging tools. He said hedging is a tricky business that even professionals have not mastered, and that investors who hedge end up confused about whether they want the portfolio to rise or fall.",Strategy Development,
How did Lynch use his scuttlebutt approach to validate an investment strategy before committing?,"Lynch called company IR contacts, visited headquarters, spoke with competitors, and attended annual meetings to verify that the story he had developed matched the on-the-ground reality. He required the story to hold up under direct scrutiny before building a full position.",Strategy Development,
What was Lynch's strategy for evaluating a company with a union workforce or in a difficult labor environment?,"Lynch bought companies with unions when the story and fundamentals were compelling, including steel and textile companies. He believed that good opportunities existed everywhere and that avoiding entire industries for non-fundamental reasons was a strategic mistake.",Strategy Development,
What was Lynch's strategy regarding stocks that had already risen significantly since their IPO?,"Lynch rejected rejecting a stock simply because it had already risen 2, 3, or 4 times. He treated each stock on its current merits — whether the price was cheap or expensive relative to earnings potential today — rather than on its historical performance.",Strategy Development,
How did Lynch describe the strategic value of looking for companies that most institutional investors were required to avoid?,"Lynch noted that institutional constraints — too small, no track record, non-growth industry, union employees — often reflected bureaucratic rules rather than genuine investment concerns. Companies blocked from institutional ownership were frequently undervalued precisely because of that exclusion.",Strategy Development,
What was Lynch's strategy for companies that had made several consecutive acquisitions?,"Lynch watched for more than two recent unrelated acquisitions as a sign of diworseification. He required the acquisitions to be related, reasonably priced, and complementary before concluding that management was deploying capital productively.",Strategy Development,
How did Lynch describe the strategy of the true contrarian investor?,Lynch defined the true contrarian as someone who waits patiently for popular ideas to cool down and buys stocks nobody cares about — especially those that make Wall Street yawn — rather than someone who reflexively takes the opposite view on every popular investment thesis.,Strategy Development,
What was Lynch's strategy for evaluating a company's debt structure in relation to its risk profile?,Lynch separated young companies with heavy debt — which he considered highest risk — from established companies with long-term funded debt — which he considered manageable. He was most cautious about companies with callable short or medium-term bank debt that could trigger bankruptcy during a downturn.,Strategy Development,
What was Lynch's view on the strategic value of finding a stock before institutional investors discovered it?,"Lynch said the best time to buy a Fast Grower is when institutional ownership is near zero and analyst coverage is minimal, because growth expectations are not yet reflected in the price. Once Wall Street coverage reaches broad institutional penetration, most of the easy money has already been made.",Strategy Development,
How did Lynch think about the strategy of keeping a paper portfolio before committing real money?,Lynch recommended maintaining a paper portfolio of 10 to 15 stocks you actively research while owning 5 or 6 that you judged most attractive. The paper portfolio served as both a training exercise and a pipeline of potential promotions to the real portfolio.,Strategy Development,
What was Lynch's strategy for evaluating whether a company's cost-cutting turnaround was genuine?,"Lynch required proof in the form of actual decreases in selling and administrative costs as a percentage of revenue, not just management promises. He also looked for the company to be close to breakeven or past it before considering the turnaround confirmed.",Strategy Development,
How did Lynch apply the strategy of buying companies with habit-based purchases?,"Lynch preferred companies whose products customers had to keep buying — drugs, soft drinks, razors, cigarettes — over companies whose products were purchased infrequently or based on fickle consumer trends. Steady recurring demand provided more predictable earnings growth.",Strategy Development,
What was Lynch's strategic approach to identifying the time to sell a Cyclical as it peaked?,"Lynch focused on signs that the current boom was ending: rising labor costs that had been cut in the previous bust, 100 percent capacity utilization combined with new expansion spending, falling futures versus spot prices in commodities, and storage full of finished goods that the company could not sell.",Strategy Development,
What was Lynch's strategy for the investment in Penn Central during its recovery?,Lynch used troubled utilities and industrial companies as examples of how investing in deeply distressed Turnarounds before Wall Street recognized the recovery opportunity could produce returns of 2 to 4 times even for investors who missed the absolute bottom.,Strategy Development,
How did Lynch describe the strategic importance of identifying which worries about a stock are valid versus idle?,Lynch said there is always something to worry about with every company. The trick is to check each worry against the facts before competitors do. Idle worries based on emotion create pricing inefficiencies that disciplined research can exploit. Valid worries based on deteriorating fundamentals require immediate action.,Strategy Development,
What was Lynch's overall strategic vision for what separates successful investors from unsuccessful ones?,"Lynch believed that successful investors develop a disciplined, repeatable research process — classifying stocks correctly, understanding the story deeply, monitoring fundamentals regularly, rotating between opportunities as stories evolve, and maintaining emotional composure through market volatility.",Strategy Development,
What was Lynch's overall philosophy on market timing?,"Lynch believed market timing was nearly impossible to do consistently. He cited a 30-year study showing that investing at the yearly low versus the yearly high produced only a 1.1 percent difference in annual returns, proving time in the market matters far more than timing the market.",Timing,
Why did Lynch say he never moved entirely into cash even during bear markets?,"Lynch's strategy was to stay in the market forever and rotate stocks based on fundamental situations. Going into cash was synonymous with exiting the market, which he believed destroyed long-term returns through missed recoveries.",Timing,
What does Lynch say about the cost of being out of stocks during their best months?,A 40-year review of the S&P 500 showed that staying fully invested produced 11.4 percent annually. Missing the 10 best months dropped returns to 8.3 percent. Missing the 40 best months dropped returns to just 2.7 percent.,Timing,
How does Lynch time his entry into Cyclical stocks?,"Lynch entered Cyclicals when the economy was at its weakest, earnings were at their lowest, and public sentiment was most pessimistic. He waited for depleting inventories, improving industry fundamentals, and strong balance sheets as early confirming signals.",Timing,
What inventory signal did Lynch look for as an early indicator of a Cyclical or Turnaround entry opportunity?,"Depleting inventory in a depressed company was Lynch's first evidence of a possible business turnaround. Falling inventory relative to sales suggested demand was recovering, making it a key early entry timing signal.",Timing,
When did Lynch consider the best time to buy stocks in general?,Lynch said the best time to buy stocks is always the day you have convinced yourself you have found solid merchandise at a good price — the same discipline you would apply in a mall. Macro conditions were secondary to individual company valuation.,Timing,
How did Lynch use the price-to-earnings line to time his buying and selling decisions?,"Lynch compared the price line to the earnings line over time. He bought when the price line was below the earnings line and sold when the price line moved dramatically above the earnings line, signaling overvaluation relative to underlying business performance.",Timing,
What are the three emotional states Lynch identified that cause investors to mistakenly time the market?,Lynch identified concern — which prevents buying at bottoms — complacency — which prevents checking fundamentals during rallies — and capitulation — which causes panic selling at market lows. Investors who cycle through all three consistently buy high and sell low.,Timing,
How did Lynch describe the correct time to enter a Fast Grower company?,"Lynch preferred to enter Fast Growers during Phase II rapid expansion, after the startup phase risks had passed but while significant market penetration opportunity remained. Entering at 5 to 10 percent market saturation gave plenty of runway while avoiding startup failure risk.",Timing,
How did Lynch use market corrections as timing signals for adding to positions?,"Lynch viewed corrections as buying opportunities rather than dangers. He advised investors to add to positions when stocks dropped 10 to 25 percent, treating each decline as a chance to accumulate more of companies with intact stories at better prices.",Timing,
What did Lynch say about the timing risk of buying Cyclical stocks after years of record earnings?,"Lynch said buying Cyclicals after years of record earnings when the PE has just hit a low point is a proven method to lose approximately 50 percent in a short time. Low PE in a Cyclical usually signals the end of prosperity, not the beginning of a buying opportunity.",Timing,
When did Lynch consider the right time to sell a Fast Grower?,"Lynch sold Fast Growers when the story became dubious, expansion reached saturation with no new stores, old stores looked shabby, institutional ownership reached 60 percent, three national magazines were covering the CEO, and the PEG ratio had expanded above 2.",Timing,
What timing signal did Lynch use when a Fast Grower's same-store sales began to decline?,"Declining same-store sales of 3 percent or more in the last quarter, combined with the company telling positive stories rather than showing positive results, was one of Lynch's clearest timing signals to begin reducing or exiting a Fast Grower.",Timing,
How did Lynch time his entry into a Stalwart investment?,"Lynch bought Stalwarts when the PE was at the low end of its historical range, the stock had gone sideways for one to two years despite improving fundamentals, the growth rate was accelerating due to new products or distribution, and the PEG was below 1.",Timing,
When did Lynch sell a Stalwart?,"Lynch sold Stalwarts after a 30 to 50 percent gain, when the PE exceeded its normal historical range, when Wall Street coverage became broad and institutional ownership was heavy, or when a large division became vulnerable to an ongoing economic slump.",Timing,
How did Lynch time entries in troubled utilities during their recovery cycle?,"Lynch identified four stages: disaster, crisis management, financial stabilization, and recovery. He was comfortable buying in Stage II when survival was becoming evident, and found that even Stage III buyers who had already missed a doubling could still earn 2 to 4 times returns.",Timing,
What is the correct timing for entering a Turnaround investment according to Lynch?,"Lynch entered Turnarounds after identifying a credible recovery plan, confirming the plan was working through evidence such as improving earnings, rising market share, or reducing inventory, and verifying the balance sheet could withstand further losses before recovery.",Timing,
When did Lynch sell a Turnaround investment?,"Lynch sold Turnarounds after the recovery was complete and widely recognized, when debt rose again after five consecutive quarters of decline, when inventory rose more than twice as fast as sales, or when the stock was clearly a 2 times but not a 5 to 10 times opportunity.",Timing,
How did Lynch use insider buying to time his entry into a spinoff?,"Lynch watched for insider buying in spinoffs one to two months after the spinoff was completed, after institutional sellers had depressed the price. Simultaneous buying by multiple insiders was his strongest timing confirmation signal.",Timing,
What did Lynch say about the timing of buying stocks after bad news?,Lynch warned that buying on bad news can be very costly because bad news has the habit of getting worse. He preferred waiting for confirmed positive developments even at the cost of missing the first few dollars of upside.,Timing,
How did Lynch describe the timing of the stock market's behavior at the end of a recession?,"Lynch said Cyclicals lead the market higher at the end of a recession. He noted that today's mountains frequently become tomorrow's molehills, and vice versa — the most depressed companies near a recession's end were often the biggest winners of the subsequent recovery.",Timing,
When did Lynch believe it was the right time to add to an existing position?,"In Lynch's six-month checkup matrix, a falling price combined with rising earnings was his strongest buy signal — the best time to add. He called a falling price with intact fundamentals a buying opportunity, not a loss.",Timing,
What timing signal did Lynch use for entering auto stocks specifically?,"Lynch tracked pent-up demand by comparing actual unit sales against demographic trend estimates. After four to five years below trend, he expected an equal period of above-trend sales. In 1980 to 1983, pent-up demand of 7 million units predicted the 1984 to 1988 boom accurately.",Timing,
How did Lynch time his exit from auto stocks using the pent-up demand model?,"Lynch sold auto stocks in 1988 when the 7 million units of pent-up demand accumulated from the early 1980s was finally exhausted, even though 1989 was still a good sales year. Knowing the cycle rhythm allowed him to exit before the decline began.",Timing,
What early warning signal did Lynch use to time exits from Cyclical positions?,Lynch used falling commodity prices and futures trading below spot prices as early signals that Cyclical earnings were about to decline. These commodity price signals moved significantly ahead of the actual earnings impact on financial statements.,Timing,
How did Lynch time the transition between the medocrity-to-good and good-to-excellent phases of a Cyclical?,"Lynch recognized that as business went from mediocre to good, investors made the most money. As it went from good to excellent, gains slowed. And as business peaked from excellent back to good, investors started losing. The peak of the cycle — maximum good news — was Lynch's sell signal.",Timing,
What role did rising capacity utilization play in Lynch's Cyclical exit timing?,"When a company reached 100 percent capacity utilization and began spending on new capacity expansion rather than cheaper modernization of existing plants, Lynch interpreted this as a signal the cycle was mature and margins would soon compress.",Timing,
How did Lynch use futures and commodity prices to anticipate Cyclical turning points?,"Lynch tracked futures markets for commodities like oil and steel. When futures prices fell below spot prices, it signaled that the market expected lower future prices — a leading indicator of declining Cyclical earnings several quarters ahead.",Timing,
What did Lynch say about the timing challenge of buying Cyclicals early?,"Lynch said the principal danger is buying too early, getting discouraged by continued weakness, and selling before the recovery materializes. He required working knowledge of the industry and its historical rhythms to time entry with enough confidence to hold through false starts.",Timing,
How did Lynch time the purchase of small-cap growth stocks relative to large caps?,"Lynch monitored the ratio of small-cap PE to large-cap PE. When this ratio fell below 1.2 times, small caps were attractively priced and represented the best entry point for emerging growth stocks, regardless of where the broader market stood.",Timing,
What did Lynch say about waiting for the stock market to look safe before investing?,"Lynch said things are never perfectly clear in the stock market, and when they are it is too late to profit. Decisive action in the face of uncertainty — supported by research rather than waiting for consensus — was essential to capturing the best returns.",Timing,
How did Lynch use historical correction frequency to inform his timing approach?,"Lynch noted that corrections of greater than 10 percent occurred every two years on average, bear markets of greater than 20 percent every six years, and severe bear markets of greater than 30 percent had occurred five times between 1932 and 2000. Understanding this frequency helped him treat corrections as routine events rather than surprises.",Timing,
What was Lynch's view on lightening up as a timing strategy before a market decline?,Lynch said lightening up — selling stocks and holding cash in anticipation of a decline — was a common but destructive mistake. Cash sitters waiting for further declines after a bottom typically miss the rebound and never get back in at favorable prices.,Timing,
How did Lynch describe the timing of the market's nine corrections during his 13 years at Magellan?,Lynch said his fund went down all nine times. He never predicted any of them and never tried to. His performance came from staying fully invested in good companies rather than from any market timing ability.,Timing,
What was Lynch's view on the timing strategy of hedging with options before an anticipated correction?,"Lynch said hedging with options was a trap. Options expire every few months, requiring constant renewal costs. Investors ended up confused about whether they wanted the market to rise for the portfolio's benefit or fall for the insurance's benefit. Even professional hedge funds failed at this consistently.",Timing,
How did Lynch time his exit from a stock when the company began making unrelated acquisitions?,"Lynch treated the announcement of a major unrelated acquisition — especially an overpriced one — as a timing signal to begin reducing the position, as it signaled management had run out of productive internal investment ideas and was about to destroy shareholder value.",Timing,
What did Lynch say about the timing of buying stocks when the story looks fuzzy in the short term?,"Lynch advised not owning the company during a period of high uncertainty unless you were prepared to respond to any sharp drop by buying more. Over the long term, if you were convinced the company would do well, temporary story fuzziness was the entry price for future returns.",Timing,
How did Lynch time his re-entry into a stock he had previously sold?,"Lynch revisited sold positions by re-evaluating the story as a continuing saga rather than a closed chapter. If the story had improved since he sold, he was willing to buy back even at a higher price, treating the stock's history as irrelevant to its current value.",Timing,
What was Lynch's timing advice for someone who bought a stock at $10 that fell to $4 and then recovered to $8?,Lynch said the trouble with most people is thinking they have missed it once it rebounds from the low. A troubled company recovering from a crash has a long way to go and investors must forget they missed the bottom and focus entirely on remaining upside from current levels.,Timing,
When did Lynch consider a troubled utility stock ready to buy?,Lynch said you could wait until after the crisis had abated and the doomsayers had been proven wrong — buying when the first good news arrived in Stage II or Stage III — and still make 2 to 4 times your investment without needing to catch the absolute bottom.,Timing,
How did Lynch use the level of analyst boredom to time entry into a sector?,"Lynch viewed analyst boredom and abandonment as a timing signal to start looking more closely at a sector. When the entire investment community had stopped paying attention, pricing inefficiencies were most likely to exist.",Timing,
What timing principle did Lynch apply to the concept of IPO pricing?,"Lynch noted that when an S&L went from cooperative to IPO form, the directors structured the deal so that shares were priced at a discount to post-IPO book value. The timing opportunity was in the immediate post-IPO period before this discount was recognized by the broader market.",Timing,
How did Lynch time entries in insurance company stocks?,"Lynch looked for the moment when insurance premium rates first began to rise, before earnings showed any improvement. He noted that entering at the rate increase could produce a 4-times return: 2 times from anticipation and 2 more times when higher earnings confirmed the thesis.",Timing,
What was Lynch's timing rule for systematic monthly investing?,"Lynch recommended regular monthly investing regardless of market conditions, noting that investors who used this discipline eliminated the need to time the market entirely. Monthly buyers avoided both the best and worst entry points, but consistently ended up ahead of emotional market timers.",Timing,
How did Lynch think about the timing of investing in companies just above or below their IPO price?,Lynch considered a stock trading below its IPO price as potentially undervalued and worth investigating. The market's disappointment relative to initial expectations could create a timing window before fundamentals were properly recognized.,Timing,
When did Lynch use the advance-decline ratio as a timing signal?,"Lynch watched the advance-decline ratio to detect narrowing market breadth — when fewer and fewer stocks were participating in a rally, it signaled that the broad market's apparent strength was fragile and that individual stock selectivity was more important than ever.",Timing,
What did Lynch say about the timing risk of investing in companies during the startup phase?,Lynch typically avoided Phase I startups because failure was not yet visible but neither was success. He preferred to join the game in the third inning — after the company had proven its model — with plenty of innings remaining to capture the 10 to 50 bagger.,Timing,
How did Lynch time entries into stocks during their worst public sentiment periods?,Lynch believed that taking the industry surrounded by the most doom and gloom and checking whether its fundamentals were actually positive was one of the most reliable timing methods for finding the biggest winners. The depth of pessimism defined the magnitude of potential upside.,Timing,
What was Lynch's timing rule for when to add to a position after an initial entry?,"Lynch made a small initial commitment when he loved the story but found the price high, then planned to add more during the next selloff. He accepted that prices could fall further after his initial purchase and committed mentally to buying even more if they did.",Timing,
When did Lynch consider it appropriate to rotate out of a Stalwart into another?,"Lynch rotated out of a Stalwart after a 30 to 50 percent gain and into another Stalwart trading at the low end of its PE range with a fresh and improving story, repeating this rotation cycle to compound returns consistently over time.",Timing,
What was Lynch's timing framework for assessing the six-month checkup matrix?,"Lynch's matrix compared price direction — higher, same, or lower — against earnings direction — higher, same, or lower — producing nine possible outcomes. Rising price with rising earnings warranted holding. Falling price with rising earnings was his strongest buy signal. Rising price with falling earnings was his clearest sell signal.",Timing,
How did Lynch time the transition from a Turnaround back to a normal stock assessment?,"Lynch moved a Turnaround back to normal classification once the recovery was complete, the trouble was over, and everyone recognized the changed situation. At this point the stock was no longer cheap relative to its new earnings power and required standard valuation discipline.",Timing,
What did Lynch say about buying a stock that had already risen dramatically versus one with no history?,Lynch advocated treating each stock as if it had no history. The fact that a million investors had made money was irrelevant. What mattered was whether the current price was cheap or expensive relative to earnings potential today.,Timing,
How did Lynch use the concept of pent-up demand to time Cyclical purchases beyond autos?,"Lynch applied pent-up demand logic to any industry where purchases could be deferred — housing, capital equipment, consumer durables. Years of below-trend purchases created inevitable above-trend demand that would reward patient investors who entered during the trough.",Timing,
What timing mistake did Lynch warn about most frequently regarding Cyclical investments?,"Lynch's most frequent warning was that the best-looking Cyclicals at low PE ratios near the end of a boom were actually timing traps. Smart investors sold early before the downturn, leaving the stock in the hands of unwary buyers who paid high prices for earnings that were about to collapse.",Timing,
How did Lynch approach timing when the stock had fallen significantly but the story was still intact?,"Lynch said a price drop in a good stock is only a tragedy if you sell at that price. With fundamentals intact, a price drop was his signal to load up on bargains — adding to the position at better prices rather than panic selling because the market disagreed with his thesis.",Timing,
What did Lynch say about trying to predict exactly when the next recession would end?,"Lynch said if you spend 13 minutes on economic forecasting, you have wasted 10 of them. He focused on company-level facts rather than trying to call the precise timing of economic inflection points.",Timing,
What timing signal did Lynch use when executives began leaving a Fast Grower to join a rival?,"Top executives and key employees leaving to join a rival company was one of Lynch's clearest internal timing signals to reconsider a Fast Grower position, as it often preceded the public revelation of deteriorating competitive conditions.",Timing,
How did Lynch handle the timing of investing in stocks during the Iraq War pessimism of 1990?,"Lynch noted that pessimism peaked in 1990 during the Iraq War, making it feel like the worst time to buy stocks. Yet 1991 turned out to be the best year in two decades, with the S&P 500 up 30 percent. Buying at peak pessimism consistently proved profitable.",Timing,
When did Lynch consider a stock's story sufficiently clear to size up a position?,"Lynch sized up when the two-minute drill was clearly articulable — reasons for interest, what must happen to succeed, and pitfalls identified — and when scuttlebutt confirmed the story was working. He did not require certainty, only sufficient clarity to tilt the odds favorably.",Timing,
How did Lynch time the identification of Turnaround opportunities in troubled industries?,Lynch took the industry surrounded by the most doom and gloom and looked for companies that had strengthened their balance sheets and were close to breakeven. These companies had the most potential to do outsize sales when the industry eventually picked up.,Timing,
What did Lynch say about the timing of buying a stock after it had vibrated sideways for two to three years?,"Lynch said a stock that had declined sharply and then gone sideways for two to three years with decent fundamentals represented an excellent timing setup. If you were wrong, it would likely keep going sideways and losses would be limited. If right, the stock would go north.",Timing,
How did Lynch time his entry into country funds specifically?,"Lynch bought closed-end country funds when they were unpopular and trading at 20 to 25 percent discounts to NAV. He required manager in-country experience and reliable information disclosure before committing, and accepted that the timing payoff required significant patience.",Timing,
What was Lynch's timing principle for the gold market?,"Lynch noted that gold was more about sentiment and psychology than fundamentals, making its timing far more difficult than that of operating businesses with measurable earnings, cash flows, and inventory levels. He largely avoided calling turning points in commodity markets.",Timing,
How did Lynch time the purchase of high-yield utility stocks as interest-rate Cyclicals?,"Lynch entered high-yield utility stocks when interest rates were declining and the economy was in a splutter, treating them as interest-rate Cyclicals. He held up to 10 percent of the Magellan portfolio in utilities during these periods and exited when rates turned higher.",Timing,
What did Lynch say about the timing danger of being out of stocks for even short periods?,"Lynch cited the S&P 500 study showing that missing the 20 most profitable months of the market cut returns from 11.4 percent to 6.1 percent annually. The best months were unpredictable, making being out of the market even temporarily extremely costly.",Timing,
When did Lynch consider an Asset Play ripe for sale?,"Lynch sold Asset Plays when the value-unlock catalyst — a raider, activist, or restructuring — occurred, when management began diluting shareholder value, when institutional ownership rose sharply from low levels, or when the calculated NAV proved to have been inflated.",Timing,
What timing rule did Lynch apply after a stock had declined significantly from its high?,"Lynch required the knife to hit the ground, stick, vibrate for a while, and settle before grabbing it. He rarely tried to catch a stock mid-decline and preferred to let it find its equilibrium before entering, typically after two to three years of sideways movement.",Timing,
How did Lynch think about the timing of investing in a sector where recent performance had been terrible?,"Lynch said some troubled industries never came back — buggy whips and radio tubes — and some recovered dramatically — autos and airlines. He always waited for signs of genuine revival, a strengthened balance sheet, and improving inventory before committing based on a bad recent performance alone.",Timing,
What was Lynch's view on the timing of buying stocks once they had become widely covered by Wall Street?,"Lynch said Street Lag meant stocks were not considered truly attractive until large institutions had recognized them and analysts had widely recommended them. By then, the easy money was usually gone. He preferred buying in the period of minimal coverage before institutional adoption.",Timing,
How did Lynch time the identification of insurance company investment opportunities?,Lynch waited for the moment when insurance premium rates first began to rise — before earnings had shown any improvement — as his entry signal. The lag between rate increases and earnings improvement created a reliable early entry window.,Timing,
What timing insight did Lynch draw from tracking the advance-decline ratio versus the Dow?,"Lynch found that when the advance-decline ratio was declining even as the Dow was rising, market breadth was narrowing. This divergence signaled that the underlying market was weaker than the headline index implied and made him more selective in committing new capital.",Timing,
How did Lynch time the start of his position in Taco Bell as an early investment?,"Lynch bought Taco Bell early when nobody would look at a small restaurant company. His timing was based on consumer observation and the visible success of the business concept, not on any analyst coverage or institutional interest, which did not yet exist.",Timing,
What was Lynch's timing principle for companies in Phase I startup situations?,Lynch generally waited for Phase II confirmation before investing. He said there is plenty of time between the third and seventh innings to make 10 to 50 baggers. Entering in Phase I meant accepting startup risk that was not yet necessary to take.,Timing,
How did Lynch use quarterly earnings trends to time his review of a Turnaround position?,"Lynch monitored debt levels across consecutive quarters. If debt, which had declined for five consecutive quarters, rose again, it was a timing signal of increased relapse risk. This rising debt was one of his most reliable sell signals for a Turnaround.",Timing,
What timing rule did Lynch apply when a Stalwart's growth rate began to slow?,"Lynch exited Stalwarts when the long-term growth rate was visibly slowing, especially when earnings had only been maintained through cost cuts with no further room to reduce costs. Revenue growth stalling was the underlying signal he acted on.",Timing,
How did Lynch time entries into stocks where insiders were buying?,"Lynch viewed multiple insiders buying simultaneously as a strong and actionable timing signal. He particularly valued this signal when combined with low institutional ownership, minimal analyst coverage, and an improving story.",Timing,
When did Lynch think it was the right time to buy a stock that everyone else despised?,"Lynch said that when the prevailing negative opinion was more pessimistic than his own fact-based analysis, and the fundamentals pointed positively despite the consensus doom, that gap between perception and reality was the best timing signal available.",Timing,
How did Lynch use the concept of the even bigger picture for timing decisions during crises?,Lynch recommended concentrating on the 70-year historical evidence — stocks returning 10.3 percent annually — during scary periods. This perspective made temporary crises feel manageable and helped him time purchases during panic rather than panic sales during corrections.,Timing,
What was Lynch's timing advice for someone who had sold a stock and then watched it continue rising?,"Lynch said people who missed a great company and then bought a mediocre one to compensate turned a costless omission mistake into an expensive commission mistake. The correct timing response was to wait for the next genuinely compelling idea, not to chase performance.",Timing,
How did Lynch time the sale of a Stalwart when a new product had mixed early results?,"If a Stalwart's new products launched in the past two years had mixed results and testing-stage products were more than one year from market launch, Lynch interpreted this pipeline gap as a timing signal to begin rotating out before earnings disappointed consensus estimates.",Timing,
What did Lynch say about the timing of going to cash when the market looked overvalued?,Lynch said a confirmed stock picker stays in stocks until he cannot find a single reasonably priced issue worth buying. Only when every stock exceeded his PEG and valuation criteria simultaneously — not when macro conditions looked scary — would he hold elevated cash.,Timing,
How did Lynch time the transition from holding a Cyclical as business turned from good to excellent?,"Lynch said investors made their best money as business went from lousy to good. Once business reached excellent, the marginal return slowed and risk increased. He treated peak business conditions as a timing signal to begin planning an exit rather than adding to the position.",Timing,
What role did reading annual reports for 700-plus companies per year play in Lynch's timing?,"Lynch's exhaustive reading allowed him to detect changes in business conditions, inventory trends, and competitive dynamics ahead of most investors. This early pattern recognition gave him timing advantages in both entry and exit decisions.",Timing,
When did Lynch consider the six-month checkup to be a sell trigger?,"Lynch considered selling when the story had gotten worse — deteriorating earnings trajectory, weakening competitive position, rising debt in a Turnaround — rather than holding because the price had fallen. Story deterioration was the sell trigger, not price movement alone.",Timing,
What was Lynch's timing principle for the Rule of Five portfolio strategy?,"Lynch advised small investors to time new purchases by replacing stocks where the story had peaked with stocks whose story was just starting to develop, rather than adding to winners for no reason or holding losers out of hope.",Timing,
How did Lynch time his investments in Walmart across its multi-decade growth story?,"Lynch noted that even after Walmart had already risen 20 times from its 1970 IPO, it was still not too late to buy because market penetration was only 15 percent of the US. He would have continued holding as long as remaining runway was significant.",Timing,
What was Lynch's timing advice for investors who constantly asked when to invest?,Lynch told investors to stop wasting time trying to figure out when to invest and instead focus on what to invest in. His study showed the difference between perfect and terrible timing over 30 years was only 1.1 percent annually — a rounding error compared to company selection.,Timing,
How did Lynch think about the timing of buying a stock after it had fallen sharply from its all-time high?,Lynch required that the fundamentals remain intact before buying a fallen stock. The level of the decline had no bearing on whether the stock was a buy — only the quality of the current story and the relationship between current price and earnings potential mattered.,Timing,
What was Lynch's timing approach when multiple industries were simultaneously depressed?,"Lynch used cross-industry pessimism as a broad buying signal. He would identify the industry with the most doom and gloom, check whether fundamentals were actually positive, find the strongest balance sheets within that industry, and enter before the consensus recovered.",Timing,
How did Lynch time exits from Asset Plays when the catalyst failed to materialize?,"Lynch said without a raider or activist catalyst, an Asset Play could sit for years generating no return. If the catalyst did not arrive within a reasonable timeframe and management began adding debt that eroded NAV, he would exit rather than waiting indefinitely.",Timing,
What did Lynch say about the timing of investing in Walmart relative to its apparent saturation?,"Lynch said analysts repeatedly predicted Walmart had run out of room to grow, but each time actual market penetration data showed substantial runway remaining. He advised always checking the real penetration numbers before accepting saturation arguments.",Timing,
How did Lynch time the purchase of stocks during the 1987 crash specifically?,"Lynch said even if the 1987 crash made you nervous, you did not have to sell that day or the next. You could have gradually reduced your stocks if necessary and still come out ahead of panic sellers. The crash created buying opportunities in good merchandise.",Timing,
What was Lynch's timing principle for selling a stock that had risen 40 percent with an intact but unchanged story?,"If a Stalwart rose 40 percent and nothing wonderful had happened to improve the story, Lynch replaced it with another Stalwart he found attractive that had not yet moved. The story quality relative to price, not the absolute price level, drove the rotation decision.",Timing,
How did Lynch time the identification of recovery opportunities in companies with restructuring plans?,"Lynch required evidence that the restructuring plan was being executed — subsidiaries actually sold, costs actually cut, market share actually improving — rather than management promises. The timing of evidence, not the announcement of intentions, drove his entry.",Timing,
What was Lynch's timing rule regarding stocks that he had already made money on previously?,"Lynch said the best stock to buy may be the one you already own. Rather than searching for new ideas when he had conviction in current holdings, Lynch considered adding more to his best existing positions when additional information confirmed the thesis.",Timing,
How did Lynch time his exposure to the bond market relative to stocks?,"Lynch bought bonds only when long-term Treasury yields exceeded historical stock returns of 10 to 11 percent, as happened briefly in 1982 with 13 to 14 percent Treasury yields. This was not a defensive move but an offensive one — bonds simply offered better absolute returns than stocks at that specific moment.",Timing,
What was Lynch's timing principle for companies whose stock had gone sideways for two years despite improving fundamentals?,Lynch considered a stock that had gone sideways for two years while fundamentals improved as a particularly attractive timing opportunity. Price stagnation despite business improvement was the classic setup before a rerating move.,Timing,
How did Lynch time his awareness that a market cycle had turned against Cyclicals?,"Lynch watched for the moment when business went from excellent back to good — not when the headlines confirmed the slowdown. Smart institutional investors would begin selling a year before any visible signs of decline, causing prices to fall for no apparent reason.",Timing,
What timing signal did Lynch use regarding management buying back shares versus announcing acquisitions?,"Lynch preferred buyback announcements over acquisition announcements as timing signals. An active buyback program confirmed management's view that the stock was undervalued at current prices, while an acquisition announcement often signaled the opposite.",Timing,
How did Lynch time investments in fund companies during mutual fund popularity cycles?,"Lynch noted that when mutual funds were popular with retail investors, investing in the fund management companies was more rewarding than putting money into their funds. He timed this as a sector rotation opportunity during periods of retail investor enthusiasm.",Timing,
What was Lynch's timing principle for investing in bond funds versus direct bonds?,"Lynch recommended direct bond ownership for treasuries rather than paying fund management fees. For corporate and junk bonds where diversification limited default risk, funds were appropriate. The timing of switching between direct bonds and funds depended on the risk profile of the underlying instruments.",Timing,
How did Lynch time his identification of a beaten-down stock that had already made its recovery move?,"Lynch said you do not need to rush into troubled stocks to make large profits. You can wait until the crisis has abated, the doomsayers have been proven wrong, and still make 2 to 4 times by buying on the omission of dividend or waiting for the first good news in Stage II.",Timing,
What timing principle did Lynch apply to the concept of water flowing into a tank?,Lynch said investing is like watching a tank fill — you know it will eventually overflow but you cannot predict the exact moment. The correct response is to be positioned before the overflow rather than trying to time the precise moment of completion.,Timing,
What was Lynch's timing principle for stocks trading at or below book value?,"Lynch considered P/B below 1 times as a potential timing signal, especially for savings and loan companies. A stock trading below book value suggested the market was implying negative future value creation, and if fundamentals were actually stable or improving, a repricing was likely.",Timing,
How did Lynch time his investment horizon relative to different stock categories?,Lynch held Fast Growers for multiple years through Phase II expansion. He rotated Stalwarts after 30 to 50 percent gains typically within two years. He held Turnarounds until recovery was complete. Cyclicals were timed to the business cycle. Each category had its own natural holding period.,Timing,
What timing mistake did Lynch identify as costing investors the most money over time?,Lynch said far more money has been lost trying to anticipate and prepare for corrections than has ever been lost in corrections themselves. The attempt to time around volatility was consistently more costly than simply enduring it with good merchandise.,Timing,
How did Lynch time his decision to promote a secondary stock to a primary portfolio position?,"Lynch promoted secondary stocks to primary positions when new developments — improving fundamentals, management changes, restructuring progress, or market share gains — bolstered his confidence enough to justify committing meaningful capital.",Timing,
What was Lynch's view on the timing of investing in a company just after a major business disaster?,"Lynch categorized unanticipated problem situations as Turnaround opportunities when a minor tragedy was perceived as major by the market. He advised being patient, keeping up with the news, reading with dispassion, and staying away from tragedies with immeasurable outcomes.",Timing,
How did Lynch time the sale of a stock where the PE had reached 30 times with only 15 percent expected growth?,A PEG of 2 times — PE of 30 times divided by 15 percent growth — was Lynch's clear timing signal that the stock had priced in too much of the future and represented poor risk-reward regardless of the underlying business quality.,Timing,
What was Lynch's timing principle for buying a stock where insiders had been buying?,"If the price dropped after insider buying, Lynch said so much the better — it created an even more attractive entry point. He treated insider buying as a directional signal of value, not a precise timing indicator, and used any subsequent weakness as an additional buying opportunity.",Timing,
How did Lynch time the identification of convertible fund investment opportunities?,"Lynch recommended buying convertible funds when the yield spread between convertible bonds and regular corporate bonds was narrow at 1.5 to 2 percent. When this spread widened, it signaled that convertibles had become expensive relative to straight bonds and it was time to sell.",Timing,
What did Lynch say about the timing of investing in international or country-specific funds?,Lynch said country funds required a contrarian mindset and significant patience. They aroused a desire for instant gratification but the best results came from buying unpopular markets at 20 to 25 percent discounts to NAV and waiting years for the sentiment to shift.,Timing,
How did Lynch time his overall transition from being a buyer to considering a sale across all categories?,"Lynch's overarching timing framework was story-driven rather than price-driven. He held as long as the story was intact or improving. He sold when the story deteriorated, the PE moved well above the growth rate, institutional adoption was complete, or a better opportunity with a more favorable story emerged elsewhere.",Timing,
How did Lynch define the relationship between investing and risk?,"Lynch said there is no way to fully separate investing from gambling. An investment is a gamble in which you have managed to tilt the odds in your favor through skill, research, and discipline. Risk cannot be eliminated but it can be managed through knowledge.",Risk Management,
What was Lynch's primary tool for limiting downside risk across his entire portfolio?,"Lynch's primary risk management tool was his six-category stock classification system. Correct categorization set the right return and risk expectations for each holding, preventing investors from miscalibrating their exposure and holding through inappropriate declines.",Risk Management,
What balance sheet metric did Lynch prioritize above all others to assess downside risk?,"Lynch said the biggest losses come from companies with poor balance sheets. He always checked debt levels, the type of debt, cash position, and financial structure before committing capital to any investment.",Risk Management,
How did Lynch use the Two Minute Drill as a risk management screen?,"Before buying any stock, Lynch required a clear two-minute articulation of why he was interested, what had to happen for the company to succeed, and what pitfalls stood in the way. Inability to complete this drill meant the risk was not sufficiently understood to justify a position.",Risk Management,
What did Lynch say about the risk of owning more stocks than you can monitor?,Lynch warned that owning more stocks than you can actively follow creates the situation where you no longer remember why you bought them. He recommended part-time investors follow no more than five to twelve companies at a time.,Risk Management,
What was Lynch's 60 percent win rate philosophy as a risk management concept?,Lynch did not require being right on every stock. He argued that a 60 percent win rate could produce an enviable long-term record because a few large winners would overwhelm the losses from stocks that failed. Seven out of ten performing as expected was cause for delight.,Risk Management,
How did Lynch manage the risk of paying too high a price for a Fast Grower?,Lynch used the PEG ratio as his primary valuation risk control. A PEG above 2 made even an excellent growth company an unattractive purchase. He preferred to make a small initial commitment at high PE levels and add more during subsequent pullbacks.,Risk Management,
What was Lynch's approach to managing the risk of a single large customer?,"Lynch avoided companies where one customer accounted for 20 to 50 percent of sales. That customer held enormous leverage to extract price concessions and could cancel orders, creating catastrophic earnings risk that was difficult to assess from the outside.",Risk Management,
How did Lynch manage the risk of Fast Grower bankruptcy?,Lynch watched expansion pace relative to financing capacity. Young companies that were overzealous and underfunded faced major bankruptcy risk. He required adequate financing and a methodical 35 to 40 new locations per year expansion pace to confirm sustainable growth.,Risk Management,
What was Lynch's view on using options and futures as portfolio risk management tools?,"Lynch was strongly against options and futures as hedging tools. He said hedging is a tricky business that even professionals have not mastered, the options expire requiring constant renewal costs, and investors end up confused about their own goals. He considered this risk management approach ultimately counterproductive.",Risk Management,
How did Lynch manage the risk of a Fast Grower transitioning into a Slow Grower?,"Lynch monitored re-classification signals continuously. A large Fast Grower that could not maintain double-digit growth faced devaluation risk as its PE multiple contracted. He watched same-store sales, expansion pace, and management commentary for early warning signs.",Risk Management,
What did Lynch say about the risk of investing on margin?,"Lynch explicitly warned against investing on margin, noting that a market drop can wipe out a margin investor entirely. He believed time was on the side of long-term investors but worked decisively against anyone using leverage.",Risk Management,
What risk-reward ratio did Lynch look for in any investment?,"Lynch looked for a risk-reward ratio of at least 3 to 1. He consistently asked himself what he would make if right and what he could lose if wrong, and only proceeded when the potential upside substantially outweighed the downside.",Risk Management,
How did Lynch define acceptable loss behavior in his portfolio?,"Lynch accepted periodic losses, setbacks, and unexpected occurrences as a natural cost of investing. He said you will never be right nine times out of ten, and the goal was to tilt the odds in your favor over time, not to eliminate all losses.",Risk Management,
How did Lynch assess the survival risk in a Turnaround investment?,"Lynch checked whether the company could survive a raid by short-term creditors by reviewing cash positions, debt structure, capital structure, and whether it could sustain further losses before a recovery materialized.",Risk Management,
What was Lynch's view on the risk of holding a stock after its story deteriorated?,Lynch said there is no shame in losing money on a stock but holding on or buying more when fundamentals are deteriorating is shameful. Cutting losses quickly when the story worsened was essential to long-term portfolio health.,Risk Management,
How did Lynch manage the debt risk in Turnaround candidates specifically?,"Lynch strongly preferred long-term funded debt over short or medium-term callable bank debt in Turnaround situations. Callable debt could trigger bankruptcy before the recovery had time to materialize, converting a recoverable situation into a permanent loss.",Risk Management,
What risk did Lynch associate with investing in companies that had a single exciting product?,"Lynch was cautious about companies where a single fast-growing product was not yet a meaningful percentage of total sales. The overall business might not benefit enough to justify the stock's valuation, creating a risk of disappointment when the product's limited impact became clear.",Risk Management,
How did Lynch describe the double whammy risk in high-PE Fast Growers?,"Lynch noted that high-PE stocks leave no room for error. If earnings disappoint even slightly, both the earnings themselves and the PE multiple contract simultaneously — a double whammy that could cause the stock to fall dramatically from even a small fundamental miss.",Risk Management,
What was Lynch's risk management approach to investing in troubled industries?,"Lynch advised buying only companies with staying power when investing in troubled industries — strong balance sheets, low debt, ability to outlast competitors. He always waited for signs of revival rather than assuming all depressed industries would eventually recover.",Risk Management,
How did Lynch manage portfolio risk through diversification across stock categories?,Lynch used the six stock categories to diversify risk across different business dynamics. Fast Growers and Turnarounds provided high return potential while Stalwarts provided defensive protection. This balanced offense and defense within the same equity portfolio.,Risk Management,
What did Lynch say about the risk of premature selling of winners?,Lynch described selling winners too early as one of the most expensive risk management mistakes investors make. Selling a potential 10-bagger at 2 times locked in small gains while missing the compound returns from the full growth story.,Risk Management,
How did Lynch manage the risk in his portfolio of 1,400 stocks at Magellan?,"Lynch managed the large portfolio risk by concentrating 50 percent of assets in the top 100 stocks. The remaining 1,300 stocks were monitored at varying levels of attention, with secondary holdings ready for promotion if their stories strengthened.",Risk Management
What was Lynch's risk management approach to inventory data in Cyclical and Turnaround stocks?,Lynch said inventory growth exceeding sales growth was a major red flag. High inventory buildup overstated earnings because management may have been deferring losses. He monitored inventory-to-sales ratios across consecutive quarters as one of his most reliable risk indicators.,Risk Management,
How did Lynch think about the risk of investing in companies making frequent acquisitions?,"Lynch viewed more than two recent unrelated acquisitions as a diworseification red flag. Overpriced unrelated acquisitions destroyed capital and left companies over-leveraged with no room for buybacks or dividend increases, creating significant balance sheet risk.",Risk Management,
What risk did Lynch associate with companies changing their names?,Lynch noted that companies change names either because of mergers or because of fiascos they hope the public will forget. A name change without underlying business improvement was a warning sign of unresolved operational or reputational risk.,Risk Management,
How did Lynch manage the concentration risk versus diversification trade-off?,"Lynch believed owning more stocks increased the chances of finding a 10-bagger and provided flexibility to rotate funds. But diversifying into unknown companies for the sake of diversity added risk from unfamiliar businesses. Every holding needed a clear, understood story.",Risk Management,
What did Lynch say about the risk of investing in whisper stocks?,"Lynch warned that whisper stocks — long-shot companies with exciting but unproven stories about solving national problems — relieved investors of the burden of checking financials. The great story had no substance, and these investments almost never paid off.",Risk Management,
How did Lynch evaluate the risk of a Cyclical company's operating leverage?,Lynch preferred holding high-operating-profit-margin Cyclicals for long-term stability since they were lowest-cost producers with better survival odds. He played low-OPM Cyclicals only for Turnaround or cycle-turn recovery situations where operating leverage would maximize upside.,Risk Management,
What was Lynch's view on the risk of lightening up or selling stocks before anticipated corrections?,Lynch said lightening up was a prevalent and destructive risk management mistake. Cash sitters waiting for further declines after a market bottom typically continued sitting through the recovery and missed the rebound entirely.,Risk Management,
How did Lynch manage the risk of a Fast Grower expanding too quickly?,"Lynch watched for companies trying to open more than 100 stores per year as a major warning sign. Overly rapid expansion led to poor site selection, underprepared management, overpaid real estate, and undertrained employees — all precursors to a deteriorating story.",Risk Management,
What was Lynch's risk framework for assessing a company's competitive position?,"Lynch evaluated whether a company had a niche, moat, patent, exclusive franchise, or brand that created durable pricing power and barriers to entry. The absence of such competitive protection made earnings inherently vulnerable to margin erosion.",Risk Management,
How did Lynch think about the risk of investing in hot stocks in hot industries?,Lynch said high growth and hot industries attract smart competitors who erode margins quickly. The risk was that even fundamentally sound companies in hot industries could see their returns destroyed as competitive dynamics intensified.,Risk Management,
What was Lynch's assessment of the risk in Slow Grower and Asset Play categories?,"Lynch allocated zero percent to both categories. For Slow Growers, the risk was opportunity cost — capital tied up earning minimal returns. For Asset Plays, the risk was catalyst timing — without a specific catalyst, fair value could take years to be recognized.",Risk Management,
How did Lynch think about the risk of relying on Wall Street analyst research?,Lynch said professional fund managers were looking for reasons not to buy exciting stocks in order to have excuses ready if those stocks rose without them. This institutionalized risk aversion meant Wall Street research systematically underweighted the best opportunities.,Risk Management,
What was Lynch's risk management principle regarding stocks where institutional ownership was already high?,"Lynch viewed heavy institutional ownership at 60 percent or more as a risk signal rather than a safety signal. Heavily owned stocks had already been discovered and priced accordingly, leaving less upside and more downside if sentiment shifted.",Risk Management,
How did Lynch manage the risk of investing in stocks where the story was still fuzzy?,Lynch advised not owning the company during uncertain story periods unless prepared to respond to sharp drops by buying more. Premature entry before the story clarified added risk without proportionate reward.,Risk Management,
What did Lynch say about the risk of investing in young companies with heavy debt?,"Lynch said young companies with heavy debt represented the highest category of investment risk. Without proven earnings power, callable bank debt could trigger bankruptcy before the business had time to mature and generate the cash needed to service its obligations.",Risk Management,
How did Lynch define the risk associated with selling in desperation during market crashes?,"Lynch said when you sell in desperation, you always sell cheap. The correct response to a crash was to ignore the immediate market moves, gradually reduce positions if necessary, and come out well ahead of panic sellers who locked in permanent losses.",Risk Management,
What was Lynch's risk management approach to stocks with no institutional following?,Lynch viewed zero institutional following as a positive risk indicator — it meant the story had not yet been widely discovered and the price had not been inflated by institutional buying. The lack of discovery reduced overvaluation risk.,Risk Management,
How did Lynch manage the risk of a Stalwart company slowing its long-term growth rate?,Lynch exited Stalwarts when the growth rate was visibly slowing and earnings had only been maintained through cost cuts with no further room to reduce costs. Slowing revenue growth combined with exhausted cost-cutting capacity signaled earnings risk ahead.,Risk Management,
What was Lynch's risk management principle for the role of dividends in a stock's risk profile?,Lynch noted that stocks paying dividends created a price floor that prevented extreme declines during market crashes. Investors seeking yield would step in to buy as prices fell. A company that cuts its dividend removes this floor and exposes shareholders to additional downside.,Risk Management,
How did Lynch approach the risk of investing in companies where the assets might be overvalued?,"Lynch checked for potential inflation in asset values, including pension liabilities and capitalized interest expenses. He noted that raw materials were more liquid than finished goods in a distress sale, and that inflated asset values in Turnaround situations could significantly overstate true net worth.",Risk Management,
What was Lynch's risk management principle for the size of an initial position?,"When Lynch liked the story but found the PE too high, he made a small initial commitment and planned to build the position during subsequent selloffs. This staged entry approach limited initial risk while preserving the ability to participate in a multi-year growth story.",Risk Management,
How did Lynch manage the risk of holding a stock through multiple phases of a company's growth?,Lynch used the 6-month checkup to continually re-evaluate whether the story justified the current price at each phase. A Fast Grower's story was strongest in Phase II and required heightened monitoring as it approached Phase III saturation.,Risk Management,
What did Lynch say about the risk of bonds relative to stocks over the long term?,Lynch cited the historical fact that over 70 years stocks returned 10.3 percent annually versus 4.8 percent for bonds. He considered under-allocating to stocks in favor of income the most common and most costly long-term risk management mistake.,Risk Management,
How did Lynch manage the risk of investing in a company during an uncertain macro environment?,Lynch focused entirely on company-level fundamentals rather than macro conditions. He believed macro uncertainty was always present and that responding to it by reducing stock exposure consistently destroyed long-term returns through missed recoveries.,Risk Management,
What did Lynch say about the risk of buying stocks purely because they were cheap?,Lynch said cheap stocks could always get cheaper. Buying on low price alone — without improving fundamentals — was not risk management but speculation. He required deteriorating-to-improving business trends as the basis for any purchase.,Risk Management,
How did Lynch manage the risk of investing in a company with no current earnings?,"Lynch advised waiting for small companies to turn a profit before investing. He said to join the game in the third inning when the company had proved itself, with plenty of innings remaining. Investing before profitability was established accepted startup risk unnecessarily.",Risk Management,
What was Lynch's view on the risk-reward of concentrating portfolio assets in best ideas?,Lynch believed that by owning too many stocks you lost the advantage of concentration. Concentrating in five great ideas where you had genuine knowledge dramatically outperformed forced diversification across dozens of mediocre holdings.,Risk Management,
How did Lynch assess the pension liability risk in Turnaround investments?,"Lynch specifically checked for pension liabilities in asset values, as these were often hidden obligations that reduced the true NAV of a Turnaround candidate. Unrecognized pension deficits could materially overstate the financial strength of a distressed company.",Risk Management,
What was Lynch's risk management approach to stocks that had already declined significantly?,"Lynch required that the fundamentals remain intact before buying a fallen stock. He used the story quality, balance sheet strength, and inventory trends to assess whether the decline reflected permanent impairment or temporary market pessimism.",Risk Management,
How did Lynch manage the risk of a good company inside a bad parent?,Lynch looked for institutional selling of spinoff shares — which created artificially depressed prices — combined with insider buying by new management after one to two months. These simultaneous signals identified situations where the spinoff risk was overstated by the market.,Risk Management,
What did Lynch say about the risk of investing in countries with unstable governments or currencies?,"Lynch noted that for country funds, it was not just company performance but also currency stability and government policies that mattered. He required stable government business-friendliness, proper information disclosure, and an experienced local fund manager before accepting this additional risk layer.",Risk Management,
How did Lynch manage the risk of investing in companies with very high operating leverage?,Lynch recognized that low-operating-profit-margin companies benefited disproportionately from revenue recovery but also suffered disproportionately from revenue declines. He only owned low-OPM companies when he had high conviction in the recovery thesis and strong balance sheet confirmation.,Risk Management,
What risk did Lynch see in Cyclical companies that made capital expansion investments near cycle peaks?,"Lynch viewed major capital expansion spending near cycle peaks as a serious risk signal — it meant management was misreading the cycle and committing capital that would come online just as the downturn began, destroying future returns.",Risk Management,
How did Lynch manage the risk of misjudging a Turnaround that was already bankrupt?,Lynch noted that bottom fishing in already-bankrupt companies left very little for equity owners after creditors were paid. He directed investors away from investing in bankrupt entities and toward companies that were distressed but still solvent with manageable debt.,Risk Management,
What was Lynch's risk management principle for investing in companies in declining industries?,Lynch distinguished between industries experiencing cyclical decline — where recovery was likely — and those in secular decline where the business model was permanently obsolete. He invested only in the former and avoided the latter regardless of how cheap the valuation appeared.,Risk Management,
How did Lynch think about the risk embedded in the stock market's overall valuation?,"Lynch said when long-term bond yields exceeded the S&P 500 dividend yield by six percentage points or more, stocks were relatively expensive and bonds deserved consideration. This was his only broad market valuation risk signal, and he rarely used it.",Risk Management,
What was Lynch's risk management principle regarding companies in the early startup phase?,Lynch avoided Phase I startup companies because the risk of permanent capital loss was highest and success was not yet established. Phase II entry after proof-of-concept validation was his standard risk management approach for Fast Growers.,Risk Management,
How did Lynch manage the risk of overvaluing a company's asset base in an Asset Play?,"Lynch noted that instead of a subsidiary selling for the calculated $100, it might sell for $60, suggesting the NAV calculation was inflated. He checked for tax rate changes that reduced tax loss carry forward values and management behaviors that could dilute or reduce assets.",Risk Management,
What was Lynch's risk management philosophy for a portfolio of funds?,"Lynch recommended distributing equity portfolio exposure across multiple funds of different styles — growth, value, emerging growth, capital appreciation, and special situations — so that when one style underperformed, others provided support.",Risk Management,
How did Lynch manage the risk of switching between funds at the wrong time?,"Lynch warned against switching from underperforming to top-performing funds at precisely the moment when the style was starting to reverse. He advised patience with consistent managers rather than chasing recent performance, which was a reliable way to buy high and sell low.",Risk Management,
What did Lynch say about the risk of investing without doing your own research?,"Lynch compared investing without studying companies to playing poker without looking at your cards. You would have the same success buying stocks as anyone who was purely guessing, regardless of your intelligence or experience.",Risk Management,
How did Lynch manage the risk associated with investing in the most fashionable stocks of any era?,"Lynch said the hottest stock in the hottest industry was among the most dangerous investments. High growth attracted smart competitors quickly, and without a specific niche or moat, margins would erode and the valuation premium would collapse.",Risk Management,
What was Lynch's risk management approach to companies where the CEO had recently been featured on magazine covers?,"Lynch considered three national magazines fawning over the CEO as a sell signal for Fast Growers. This level of media coverage meant the story was fully known, institutional adoption was complete, and significant further upside was unlikely.",Risk Management,
How did Lynch think about the risk of holding a stock through a period of general market overvaluation?,"Lynch stayed in stocks even during periods of apparent market overvaluation, rotating into companies still meeting his PEG and story criteria. He only held elevated cash when he literally could not find a single attractively priced company.",Risk Management,
What was Lynch's risk management principle regarding the relationship between macro forecasts and portfolio decisions?,"Lynch said if you spend 13 minutes on economic forecasting, you have wasted 10 of them. Using macro forecasts to make portfolio risk decisions consistently destroyed returns because forecasting the economy was impossible to do reliably.",Risk Management,
How did Lynch manage the risk of holding too many stocks across too many industries?,Lynch organized stocks into six clear categories with distinct return and risk profiles. This framework allowed him to monitor risk by category — ensuring Fast Grower risk was balanced by Stalwart stability — rather than trying to manage risk stock by stock across unrelated industries.,Risk Management,
What was Lynch's risk management principle for recognizing when a Turnaround had failed?,"Lynch sold Turnarounds when debt rose again after five consecutive quarters of decline, inventory increased more than twice as fast as sales, or the strongest division's sales slowed significantly. These signals indicated the recovery was reversing and the original thesis had failed.",Risk Management,
How did Lynch manage the emotional risk of holding a stock during periods of public embarrassment?,"Lynch noted that Turnarounds were complete when stockholders were no longer embarrassed to own the shares. Before that point, the discomfort was precisely what kept prices low and returns high for patient holders with conviction in the recovery thesis.",Risk Management,
What did Lynch say about the risk of making decisions based on prior stock price history?,"Lynch warned against rejecting a stock because its price had already risen 2, 3, or 4 times. Prior price history had no bearing on future returns. The only relevant question was whether the current price was cheap or expensive relative to current earnings potential.",Risk Management,
How did Lynch manage the risk of investing in international markets specifically?,"Lynch required a fund manager with real in-country experience and relationships, proper local information disclosure, stable currency, and supportive government policies before accepting the additional risk layers that came with international equity exposure.",Risk Management,
What risk did Lynch see in companies with extravagant corporate headquarters?,Lynch said the extravagance of any corporate office was directly proportional to management's reluctance to reward shareholders. Lavish offices signaled a culture of entitlement that extracted value from owners rather than creating it.,Risk Management,
How did Lynch think about the risk of the drumbeat effect on investment decision-making?,"Lynch warned that ominous messages repeated by friends, relatives, and financial media were impossible to ignore and would eventually distort investment decisions. He managed this risk by deliberately excluding macro commentary from his decision process.",Risk Management,
What was Lynch's risk management principle for cyclical recovery investments when the timing was uncertain?,"Lynch accepted that timing the Cyclical cycle precisely was impossible. His risk management response was to require a strong balance sheet that could survive a longer-than-expected downturn, ensuring the company could wait out any delay in the cycle turn.",Risk Management,
How did Lynch manage the risk of investing in a company with a good story but high near-term uncertainty?,"Lynch required a position size appropriate to the uncertainty level — smaller initial commitments when uncertainty was high, with the plan to add as the story clarified. He did not wait for perfect clarity before entering, but he did manage position size relative to confidence level.",Risk Management,
What was Lynch's view on the risk of using leverage in any form in an investment portfolio?,"Lynch advised against all forms of leverage — margin investing, options, and futures — because leverage converted temporary market volatility into potential permanent capital loss. Time was on the side of unlevered investors but worked catastrophically against levered ones.",Risk Management,
How did Lynch manage the risk of investing in companies with fully saturated domestic markets?,Lynch avoided making new investments in Fast Growers where domestic market penetration was already approaching 100 percent without an international expansion story. He considered companies with saturated markets as facing re-classification risk from Fast Grower to Stalwart or Slow Grower.,Risk Management,
What risk did Lynch identify with companies that were raising prices to maintain earnings growth?,"Lynch saw price-raising without volume growth as a sustainability question. If prices were rising faster than inflation and customers had alternative options, the volume losses could eventually exceed the margin gains, creating earnings risk that was not visible in recent reported results.",Risk Management,
How did Lynch use the concept of operating breakeven to assess risk in Cyclical investments?,"Lynch looked for Cyclical companies that had cut costs enough to approach the breakeven point at the bottom of the cycle. These companies had the least risk of failure and the most potential leverage when volumes recovered, even modestly.",Risk Management,
What was Lynch's risk management principle for managing the risk of false starts in Cyclical recoveries?,"Lynch required verification of underlying inventory depletion, commodity price stabilization, and balance sheet strength before committing to a Cyclical recovery thesis. False starts driven by institutional speculation rather than actual business improvement could cause significant losses for impatient investors.",Risk Management,
How did Lynch manage the risk of investing in companies with union workforces?,Lynch did not avoid companies with union workforces if the fundamental story was compelling and valuations were attractive. He believed avoiding entire categories of companies for non-fundamental reasons was itself a risk management failure that cost investors returns.,Risk Management,
What was Lynch's risk management approach when evaluating pension liabilities in distressed companies?,"Lynch included pension liabilities in his calculation of true net asset value for Turnaround candidates, recognizing that these off-balance-sheet obligations could materially impair the financial position of an otherwise attractively valued company.",Risk Management,
How did Lynch think about the risk of investing in sectors with very rapid technological change?,Lynch preferred user-of-technology companies over maker-of-technology companies as a risk management preference. Companies like ADP or retail chains that benefited from falling technology prices faced far less obsolescence risk than the technology manufacturers themselves.,Risk Management,
What was Lynch's view on the risk management value of systematic regular investing?,Lynch strongly favored monthly systematic investing because it eliminated timing risk entirely. His study showed that even the worst-timed investor — buying at the yearly high for 30 years — underperformed the best-timed investor by only 1.1 percent annually.,Risk Management,
How did Lynch manage the risk of deteriorating fundamentals being masked by a rising stock price?,"Lynch required a six-month checkup review of every holding that compared earnings trajectory against price trajectory. A rising price with falling earnings was his clearest sell signal, regardless of how good the recent price performance had been.",Risk Management,
What did Lynch say about the risk of investing in companies where management was aggressively diworseifying?,"Lynch said every second decade, companies swung between diworseification and restructuring. The diworseification phase was a predictable destroyer of value. He exited any position where management was making overpriced unrelated acquisitions, regardless of the underlying business quality.",Risk Management,
How did Lynch manage the risk in convertible bond fund investments?,Lynch recommended buying convertible funds when the yield spread between convertibles and straight corporate bonds was narrow — around 1.5 to 2 percent — and selling when it widened. This spread compression and expansion cycle defined the attractive risk-reward windows for convertible exposure.,Risk Management,
What risk management principle did Lynch apply to companies with rapidly rising inventory relative to sales?,"Lynch said inventory growth exceeding sales growth was a red flag in virtually every stock category. It signaled potential demand weakness, earnings overstatement, and management difficulty in recognizing and writing down unsold goods.",Risk Management,
How did Lynch manage the risk of holding large positions in individual stocks within a diversified portfolio?,"Lynch never put more than 30 to 40 percent of Magellan into any single category, including Fast Growers. Even his highest-conviction ideas had position-size discipline to ensure no single category's underperformance could devastate the overall portfolio.",Risk Management,
What was Lynch's risk management principle for companies where earnings had been maintained only through cost cuts?,Lynch exited positions where earnings were being maintained purely through cost reductions with no further room to cut. This signaled an impending earnings cliff when the cost savings were exhausted and revenue growth alone would need to sustain profitability.,Risk Management,
How did Lynch think about the risk of holding cash rather than stocks?,Lynch argued that holding cash was itself a risk — the risk of missing recoveries. Far more money had been lost preparing for corrections than had been lost in corrections themselves. The risk of being out was greater than the risk of being in for a long-term investor.,Risk Management,
What was Lynch's risk management principle for the role of a stock's PEG in determining position size?,Lynch used PEG not just as a buy or sell signal but as a position-sizing guide. More attractive PEG ratios — below 0.5 — justified larger positions. PEG ratios approaching 1.5 warranted reduced positions. PEG above 2 was a signal to exit regardless of story quality.,Risk Management,
How did Lynch manage the risk of investing in a company during its most popular phase?,"Lynch said popularity was itself a risk factor. Once a company was featured on magazine covers and widely owned by institutions, the risk-reward had fundamentally shifted. The price already reflected the best-case scenario, leaving limited upside and significant downside.",Risk Management,
What risk did Lynch see in companies announcing major technology expansion investments at cycle peaks?,"Lynch viewed spending on new technological expansion rather than cheaper modernization of existing plants as a signal of poor capital allocation judgment at the wrong moment in the cycle, creating future depreciation drag and return-on-investment risk.",Risk Management,
How did Lynch manage the risk of investing in companies where the entire industry was in secular decline?,"Lynch recognized the difference between cyclical declines — which recover — and secular declines — which do not. He waited for evidence of genuine industry viability before investing in any distressed sector, and he completely avoided industries facing permanent technological obsolescence.",Risk Management,
What was Lynch's risk management view on the use of short selling?,"Lynch did not practice short selling as a risk management tool. He said unless you are a short seller or a poet looking for a wealthy wife, it never pays to be pessimistic. He managed downside through stock selection quality and category diversification rather than short positions.",Risk Management,
How did Lynch manage the risk of investing too early in a company's story?,Lynch said long shots almost never pay off and that it was better to miss the first move in a company's Phase I than to invest prematurely in an unproven business model. Waiting for Phase II proof cost only the first stage of gains while eliminating the risk of permanent Phase I losses.,Risk Management,
What was Lynch's risk management principle for how much of his portfolio he allowed in any single company?,"Lynch maintained the philosophy that even in a concentrated portfolio, no single stock should dominate to the point where a single error could permanently damage the overall portfolio. Spreading across 3 to 10 well-understood stories managed idiosyncratic single-stock risk.",Risk Management,
How did Lynch think about the risk of market timing for long-term investors?,"Lynch viewed market timing as a risk multiplier, not a risk reducer. Investors who timed incorrectly — missing even a handful of the best market months — suffered dramatic permanent return reductions that far exceeded any correction losses they were trying to avoid.",Risk Management,
What was Lynch's risk management framework for the bond versus stock allocation decision?,Lynch said increasing the stock percentage to the limits of your personal tolerance was almost always the right long-term risk management decision. Most investors erred on the side of income — over-allocating to bonds — and thereby accepted the risk of long-term underperformance relative to inflation.,Risk Management,
How did Lynch manage the risk of investing in fast-growing companies with limited financial history?,"Lynch required companies to have established at least a moderate financial history — turning a profit, demonstrating model replication, and showing balance sheet stability — before committing meaningful capital. He avoided companies with no earnings history regardless of the quality of the growth story.",Risk Management,
What did Lynch say was the most dangerous common belief investors held about fallen stocks?,"Lynch identified the belief that if a stock has already fallen this much it cannot fall much more as one of the most dangerous misconceptions in investing. The only relevant consideration was current intrinsic value relative to current price, not how far the stock had already fallen.",Risk Management,
How did Lynch manage the risk of companies where management had acquired excessive leverage?,Lynch required that Cyclical and Turnaround companies have strong enough balance sheets to survive the next downturn or an extended recovery timeline. Excessive leverage shortened the company's runway and converted a recoverable situation into a potential bankruptcy.,Risk Management,
What was Lynch's risk management view on investing in companies whose only attraction was a low stock price?,Lynch said a lousy cheap stock was as risky as a lousy expensive one. Low price alone was not a risk management protection. Only improving fundamentals combined with an attractive valuation relative to earnings potential constituted genuine risk management.,Risk Management,
How did Lynch think about the risk of holding winners through periods of general market overvaluation?,"Lynch held great companies through overvalued market periods because he said that even in a broad market correction, stocks that had not yet moved up would fall just as hard as those that had. Quality selection, not market level, was his risk management framework.",Risk Management,
What risk management principle did Lynch derive from the 70-year historical evidence on stock returns?,Lynch used the 70-year evidence that stocks returned 10.3 percent annually versus 4.8 percent for bonds as his fundamental risk management framework. The risk of permanent underperformance from over-allocating to bonds was greater than the risk of temporary volatility from stocks.,Risk Management,
How did Lynch describe the risk management characteristics of the Rule of Five portfolio?,"Lynch's Rule of Five held that if one out of five stocks was a 10-bagger and the other four went nowhere, the portfolio tripled. This simple framework demonstrated how owning enough stocks to capture at least one outlier winner was essential to long-term portfolio risk management.",Risk Management,
What was Lynch's risk management principle for investing in leveraged buyout situations?,Lynch checked whether companies with heavy debt had long-term funded debt rather than callable short-term bank debt. Callable bank debt could trigger forced bankruptcy during a temporary downturn that might otherwise have been survived with patient long-term financing.,Risk Management,
How did Lynch manage the risk of over-concentrating in any single stock category?,Lynch maintained hard allocation limits even within his highest conviction categories. Fast Growers never exceeded 50 percent of Magellan's assets regardless of opportunity quality. This category-level discipline prevented overconcentration even in his strongest investment ideas.,Risk Management,
How did Lynch adapt his strategy when he could find no attractively priced stocks anywhere?,Lynch said the only way to know the market is overvalued is when you cannot find a single company that meets your investment criteria. His response was to hold cash in the bank until compelling opportunities emerged rather than forcing investments into overpriced situations.,Adaptability,
How did Lynch adjust his approach when managing a massive fund versus advising individual investors?,"At Magellan, Lynch managed 1,400 stocks with top 100 representing 50 percent of assets. He advised individuals to concentrate in 3 to 10 well-understood stocks, recognizing that concentration was an advantage small investors had over large fund managers forced to diversify.",Adaptability,
How did Lynch adapt his portfolio allocation between Fast Growers and Turnarounds based on changing conditions?,"Lynch adjusted the split between Fast Growers and Turnarounds based on where greater relative value existed at any given time. During pessimistic markets, Turnarounds often offered better risk-reward than even well-priced Fast Growers.",Adaptability,
How did Lynch adapt when a Fast Grower he owned began transitioning toward market saturation?,"Lynch monitored Phase III saturation signals — no new store openings, shabby existing locations, heavy institutional ownership, widespread media coverage of the CEO — and began rotating out into a newer Fast Grower still in Phase II with significant remaining runway.",Adaptability,
How did Lynch adapt to the 1987 market crash without selling his holdings?,"Lynch contextualized the crash by noting the market had simply reversed an extreme 1,000-point rally, ending the year near where it had been 12 months earlier. He continued holding and buying fundamentally sound companies rather than treating it as a permanent market failure.",Adaptability,
How did Lynch adapt his strategy when companies he owned began diworseifying?,"When a company began making overpriced unrelated acquisitions, Lynch treated it as a deteriorating story and either reduced or exited the position, regardless of the original investment thesis. The strategy adapted to the new capital allocation behavior of management.",Adaptability,
How did Lynch adjust his Cyclical stock holdings based on the economic cycle?,"Lynch treated utilities and financial companies like Fannie Mae as interest-rate Cyclicals, entering when rates were declining and the economy was sluggish, and exiting as rates and economic conditions improved. His sector exposure adapted continuously to the cycle's phase.",Adaptability,
How did Lynch adapt his strategy when interest rates reached historically high levels in 1982?,"In 1982, with long-term Treasuries yielding 13 to 14 percent, Lynch took a large bond position — the only time he did so. He was not being defensive but offensive: 13 to 14 percent exceeded the historical 10 to 11 percent return from stocks, making bonds the better absolute return.",Adaptability,
How did Lynch adapt his approach when a stock he had sold continued rising after he exited?,"Lynch trained himself to revisit sold positions by re-evaluating the story as a continuing saga rather than a closed chapter. If the story had improved since he sold, he was willing to re-enter at a higher price, treating the stock's prior history as irrelevant.",Adaptability,
How did Lynch adapt to a situation where an entire industry was in a prolonged slump?,"Lynch looked for companies in depressed industries that had strengthened their balance sheets and were approaching breakeven. These companies had the most potential for outsize returns when the industry picked up, and Lynch adapted by building positions patiently before the recovery was recognized.",Adaptability,
How did Lynch adapt when a good story became murky due to unexpected short-term events?,"Lynch said it was best not to own a company during an uncertain story period unless prepared to buy more on any sharp drop. If he had high long-term conviction, he adapted by reducing position size temporarily and planning to rebuild on confirming evidence.",Adaptability,
How did Lynch adapt his strategy to very small versus very large portfolio sizes?,"For large portfolios like Magellan, Lynch used 1,400 positions with a concentrated core. For small personal portfolios, he advocated 3 to 10 stocks with full knowledge of each. The number of stocks was not the adaptation — the depth of knowledge for each position was.",Adaptability,
How did Lynch adapt to markets where small-cap stocks were deeply out of favor relative to large caps?,"Lynch monitored the small-cap PE to large-cap PE ratio. When small caps traded at or below large-cap PE ratios despite higher expected growth rates, he adapted by increasing small-cap Fast Grower exposure, accepting the patient wait for the style to come back into favor.",Adaptability,
How did Lynch adapt to the challenge of managing through nine corrections greater than 10 percent?,"Lynch did not try to adapt his overall investment approach to corrections at all. His adaptation was simply to accept that corrections were inevitable, stay fully invested, and use them as opportunities to add to positions with the best story-to-price ratios.",Adaptability,
How did Lynch adapt when an industry he was invested in experienced permanent technological disruption?,Lynch distinguished between cyclical decline — where recovery was likely — and secular decline where the business model was permanently obsolete. He sold companies in permanently disrupted industries regardless of how cheap they appeared and redeployed capital into recoverable situations.,Adaptability,
How did Lynch adapt his use of utilities as an asset class based on interest rates?,"Lynch treated utilities as interest-rate Cyclicals rather than defensive holdings, entering up to 10 percent of the Magellan portfolio when rates were declining and exiting when rates turned higher. This adaptation transformed a normally boring sector into a tactical opportunity.",Adaptability,
How did Lynch adapt to a Fast Grower that was growing too fast and risking operational failure?,"Lynch reduced or exited positions in Fast Growers trying to open more than 100 stores per year. Overzealous expansion was itself a story deterioration signal, and his adaptation was to sell before the operational problems became visible in earnings reports.",Adaptability,
How did Lynch adapt his portfolio after the 1973-74 bear market, which particularly hurt growth stocks?,"Lynch noted that growth stocks were the only period when you wished you had not owned them was 1973-74, when they were grossly overpriced. His adaptation involved monitoring PEG ratios carefully to avoid paying for growth at any price, even in strong companies.",Adaptability
How did Lynch adapt when a Turnaround company's debt began rising again after consecutive quarters of decline?,Lynch treated rising debt after five consecutive quarterly declines as a signal of relapse risk and adapted by reducing or exiting the Turnaround position before the market recognized the recovery was stalling.,Adaptability,
How did Lynch adapt when the stock he held had no catalyst to unlock value in an Asset Play?,"Lynch said without a raider, activist, or catalyst, an Asset Play could sit for years. He adapted by exiting positions where the expected catalyst had not materialized within a reasonable timeframe and management was beginning to add debt that eroded NAV.",Adaptability,
How did Lynch adapt his strategy during periods of rising institutional interest in previously overlooked companies?,"When institutional ownership in a formerly ignored company rose sharply from low levels, Lynch began preparing to rotate out. His adaptation was to stay ahead of full institutional adoption, capturing the repricing while leaving the remaining upside to the new institutional buyers.",Adaptability,
How did Lynch adapt to changes in same-store sales performance for a retailer or restaurant he owned?,Declining same-store sales were Lynch's clearest signal to begin reducing a retail or restaurant Fast Grower position. He adapted his position size downward immediately rather than waiting for the trend to be confirmed by further quarters of deteriorating results.,Adaptability,
How did Lynch adapt his strategy when the corporate culture at a company he owned visibly deteriorated?,"Lynch checked management quality through scuttlebutt — visiting headquarters, speaking with employees, attending annual meetings. If the culture deteriorated through lavish spending, poor morale, or key executive departures, he adapted by reducing or exiting the position.",Adaptability,
How did Lynch adapt when a company's story moved from turnaround to fast grower?,"Lynch re-classified the company and applied the Fast Grower framework — PEG ratio, expansion phase, institutional adoption level — to determine appropriate position size and exit criteria. Re-classification triggered a complete reset of the investment thesis and management approach.",Adaptability,
How did Lynch adapt to the challenge of investing in foreign markets versus domestic ones?,"Lynch applied the same fundamental discipline — story, PEG, balance sheet, management quality — to international investments but added currency stability and government policy factors as additional screening criteria. He preferred closed-end country funds over direct holdings for most international exposure.",Adaptability,
How did Lynch adapt when the fund management industry itself became a market opportunity?,"Lynch recognized that during periods of mutual fund popularity, investing in fund management companies was more rewarding than investing in the funds themselves. He adapted by treating fund company stocks as cyclical fast growers benefiting from the retail investor enthusiasm cycle.",Adaptability,
How did Lynch adapt when economic conditions improved rapidly after a deep recession?,"Lynch had already positioned in Cyclicals and Turnarounds during the recession's deepest pessimism. As recovery became evident, he adapted by beginning to monitor exit signals rather than adding more, recognizing that the best gains in Cyclicals come in the early recovery phases.",Adaptability,
How did Lynch adapt his portfolio to the specific conditions of the early 1980s recession?,Lynch entered deeply depressed Cyclicals including autos and used pent-up demand models to gauge the likely duration of the recovery cycle. He adapted his holding period and exit discipline to match the cycle model rather than reacting to short-term economic data releases.,Adaptability,
How did Lynch adapt when a company's PE expanded far above its historical norms?,"Lynch used the comparison of current PE to the company's historical PE range as an adaptation signal. When PE moved to the high end of its historical range without a corresponding acceleration in growth, Lynch began reducing the position and rotating into companies still at the low end of their historical PE range.",Adaptability,
How did Lynch adapt to the challenge of maintaining conviction in a stock that the consensus hated?,Lynch constantly checked and rechecked the facts when prevailing opinion was more negative than his analysis. His adaptation was not to change his position but to require the story to keep validating itself through actual business developments rather than relying on static conviction.,Adaptability,
How did Lynch adapt when a stock he owned was widely featured in financial media?,Lynch treated broad financial media coverage as a caution signal for Fast Growers — three magazine covers featuring the CEO was a sell indicator. He adapted by reducing his position as the story became fully known and priced in rather than adding on the positive publicity.,Adaptability,
How did Lynch adapt when new products at a Stalwart he owned had mixed early results?,"Lynch adapted his hold decision when new products had produced mixed results in the past two years and testing-stage products were more than one year from market launch. This pipeline gap signaled future earnings risk, triggering a rotation into a Stalwart with better pipeline momentum.",Adaptability,
How did Lynch adapt when commodity prices in a Cyclical industry started falling?,"Lynch used falling commodity futures trading below spot prices as an early exit signal from Cyclical positions. He adapted his exit timing to the commodity price signal rather than waiting for the earnings confirmation, which typically lagged by several quarters.",Adaptability,
How did Lynch adapt his overall equity allocation as he grew older?,"Lynch acknowledged that younger investors could afford to allocate more to high-risk, high-reward Fast Growers and Turnarounds. As investors aged, he recommended adapting the portfolio toward more income-oriented Stalwarts and dividend payers, reducing overall volatility.",Adaptability,
How did Lynch adapt his portfolio strategy in response to the Iraq War pessimism of 1990?,Lynch recognized that peak pessimism in 1990 — which drove sentiment to its lowest in years — was a buying signal rather than a selling signal. He adapted by maintaining his equity positions and selectively adding during the fear period that preceded the best year in two decades.,Adaptability,
How did Lynch adapt his approach to a company that had previously been a great performer but fallen out of fashion?,"Lynch said he was equally enthusiastic about once-popular stocks now abandoned by institutions and analysts. He adapted by evaluating these fallen favorites purely on current story quality and current PEG ratio, ignoring the historical price performance entirely.",Adaptability,
How did Lynch adapt when a company he held began making excessive dividend cuts?,"Lynch adapted by treating a dividend cut in a Slow Grower or Stalwart as a signal to exit. He said if a Slow Grower stops paying its dividend, you are stuck with a sluggish company with very little going for it, and the floor that dividends created for the stock price was removed.",Adaptability,
How did Lynch adapt his portfolio during the gold rush analogy periods of investor speculation?,"Lynch recognized that during speculation cycles the picks-and-shovels suppliers outperformed the speculators themselves. He adapted by shifting toward enabling businesses — fund companies during fund manias, infrastructure providers during resource booms — rather than the speculative plays directly.",Adaptability,
How did Lynch adapt when a formerly depressed industry showed the first signs of revival?,"Lynch's adaptation was to add to Turnaround and Cyclical positions as the first confirming signs of recovery appeared — improving earnings, declining inventory, rising market share — rather than waiting for the full recovery to be confirmed and priced in by the market.",Adaptability,
How did Lynch adapt his strategy for the specific case of auto stocks through multiple cycles?,"Lynch adapted his auto stock timing by using pent-up demand calculations. After four to five years below the demographic sales trend, he added aggressively. After the pent-up demand was exhausted — around 1988 — he adapted by reducing the position even though reported sales were still healthy.",Adaptability,
How did Lynch adapt to investing in markets where technology was rapidly changing competitive dynamics?,Lynch adapted by preferring user-of-technology companies over maker-of-technology companies. ADP benefiting from falling computer prices was more durable than the computer companies themselves. He adapted the category of technology exposure to reduce obsolescence risk.,Adaptability,
How did Lynch adapt his strategy when Fidelity's fund size grew to levels that made small-cap investing difficult?,"Lynch managed the size constraint by maintaining a larger number of positions, using secondary holdings as a dynamic reserve pool. He adapted small-cap strategies to work within a large fund by accepting more limited position sizes in the smallest companies relative to total fund assets.",Adaptability,
How did Lynch adapt when a company's expansion plan was visibly working in multiple markets?,Lynch adapted by adding to the position and extending his intended holding period once model replication was proven in multiple markets. Confirmed duplication reduced the risk of Phase II expansion and justified larger position sizes.,Adaptability,
How did Lynch adapt to a situation where all macro forecasters were predicting a depression?,"Lynch consistently adapted by rejecting macro forecasts as inputs to investment decisions. Each recession brought sceptics predicting depression, but Lynch always assumed eventual recovery and adapted his portfolio to the recovery scenario rather than the catastrophe scenario.",Adaptability,
How did Lynch adapt to the challenge of the 1973-74 overvalued growth stock environment?,"Lynch adapted by applying strict PEG discipline to Fast Growers during periods of extreme growth stock enthusiasm. When PEG ratios expanded to 2 or above across the Fast Grower universe, he adapted by shifting allocation toward the more attractively priced categories.",Adaptability,
How did Lynch adapt his research process when moving from company to company across industries?,"Lynch described himself as a bloodhound following scents across industries. His adaptation was to follow each story wherever it led — across sectors, sizes, and geographies — rather than constraining himself to pre-defined industry buckets or sector allocations.",Adaptability,
How did Lynch adapt his strategy for insurance company investments when premium rates started rising?,"Lynch adapted by entering insurance companies immediately when premium rates first began rising, before earnings improvement was visible. This early-cycle entry approach was adapted from the understanding that the rate increase to earnings lag was predictable and consistent.",Adaptability,
How did Lynch adapt his use of the 6-month checkup process to different stock categories?,"Lynch adapted the checkup frequency and focus by category. Fast Growers required monitoring of same-store sales, institutional ownership, and expansion pace. Turnarounds required monitoring of debt levels and inventory trends. Each category's checkup focused on its specific story drivers.",Adaptability,
How did Lynch adapt when he found that a secondary stock in his portfolio had developed a stronger story?,Lynch adapted by promoting secondary stocks to primary selections whenever new developments materially improved his confidence. The dynamic upgrade-downgrade process was his adaptation mechanism for continuously improving portfolio quality.,Adaptability,
How did Lynch adapt when a company's balance sheet showed deteriorating financial health over consecutive quarters?,"Lynch adapted by reducing position size or exiting entirely when balance sheet health was visibly deteriorating. Specifically, rising debt in a Turnaround after a period of improvement was his most definitive adaptation trigger.",Adaptability,
How did Lynch adapt his strategy for companies in high-growth industries versus low-growth industries?,"Lynch adapted his expectations and exit criteria based on industry growth rates. In low-growth industries, niche dominance created durable competitive advantages worth holding long term. In high-growth hot industries, Lynch adapted by requiring specific moats or patents that could resist the rapid competitive entry that high growth attracted.",Adaptability,
How did Lynch adapt when a market recovery was taking longer than expected?,"Lynch adapted by verifying that the balance sheet was strong enough to wait out an extended recovery before entering Cyclical or Turnaround positions. He matched his holding timeline to the company's financial capacity to survive, not to a specific expected recovery date.",Adaptability,
How did Lynch adapt his portfolio after a major market correction versus a minor one?,"Lynch adapted both kinds of corrections in the same way: staying invested and using the correction as a buying opportunity. The magnitude of the correction determined the size of the incremental buying opportunity, not a change in investment approach.",Adaptability,
How did Lynch adapt to a company losing market share for two consecutive quarters?,Lynch treated two consecutive quarters of market share loss combined with the company hiring a new advertising agency as a sell signal for Slow Growers and Stalwarts. This pattern adaptation allowed him to exit before the loss of competitiveness showed up fully in earnings.,Adaptability,
How did Lynch adapt his strategy for companies with very high operating leverage versus those with low operating leverage?,Lynch adapted his position sizing based on operating leverage. High-OPM companies were held for long-term stability. Low-OPM companies were held specifically for turnaround or cycle-turn situations where the operating leverage magnified earnings recovery significantly.,Adaptability,
How did Lynch adapt when a Stalwart's PE expanded well above its peer group?,"Lynch adapted by comparing the Stalwart's PE to a similar-quality company in the same industry. If his holding was at 15 times PE versus a peer at 11 to 12 times for equivalent quality, he rotated out of the expensive one and into the cheaper peer.",Adaptability,
How did Lynch adapt his strategy for investing in countries with restrictive government policies?,Lynch required supportive government business policies and limited risk of punitive taxes or regulatory interference before committing to country fund exposure. He adapted his international allocation to avoid political risk regardless of how attractive the valuation appeared.,Adaptability,
How did Lynch adapt his strategy when a company's senior executives began leaving to join rivals?,Lynch treated executive departures to rivals as a story deterioration signal for Fast Growers. He adapted by beginning to reduce the position immediately after this signal rather than waiting for it to show up in quarterly results.,Adaptability,
How did Lynch adapt his approach to investing in companies across the full range of his six categories simultaneously?,Lynch maintained all six categories in mind simultaneously and adapted his mix based on relative value. The question was never which category to own but where the best story-to-price relationship existed at any given moment across all six.,Adaptability,
How did Lynch adapt when the overall market rose sharply and fewer stocks met his criteria?,"Lynch reduced new buying as the number of attractively priced ideas shrank during market rallies. He was not a market timer, but he adapted position sizing and new commitment rates to the availability of compelling opportunities rather than forcing investment at any price.",Adaptability,
How did Lynch adapt his analysis when a Cyclical company's inventory built up to dangerous levels?,"Lynch adapted by treating inventory growth exceeding sales growth as an immediate red flag requiring position review. If storage was already full of finished goods, he recognized this as a potential exit signal rather than a buying opportunity.",Adaptability,
How did Lynch adapt his approach when an industry he was invested in showed no signs of revival?,Lynch waited for genuine revival signals before committing to troubled industry investments. If revival signals failed to materialize over time and the industry appeared headed for permanent decline — like buggy whips — he exited without regret rather than waiting indefinitely.,Adaptability,
How did Lynch adapt his investment process for Master Limited Partnerships specifically?,Lynch adapted his analysis to account for the extra paperwork and tax form requirements that made MLPs unattractive to most institutional investors. He saw this nuisance factor as creating a permanent valuation discount that patient individual investors could exploit.,Adaptability,
How did Lynch adapt his strategy when a company he owned announced a major restructuring?,"Lynch viewed restructuring — selling loss-making subsidiaries, cutting costs, refocusing on core strengths — positively rather than negatively. He adapted by treating the restructuring announcement as a potential Turnaround catalyst and initiating or adding to the position as the plan was executed.",Adaptability,
How did Lynch adapt to periods when value investing was underperforming growth investing?,Lynch warned against adapting by switching from value funds to growth funds at the moment value was starting to recover. His adaptation advice was patience with your chosen style rather than chasing recent relative performance between growth and value.,Adaptability,
How did Lynch adapt his selection process for fund managers?,Lynch adapted his fund manager evaluation by checking bear market performance rather than just bull market returns. He avoided fund managers who lost more and gained less — the worst combination — and preferred consistent performers with good bear market records.,Adaptability,
How did Lynch adapt his portfolio when emerging growth stocks were deeply unpopular with institutional investors?,"Lynch adapted by increasing his emerging growth allocation when small-cap PEs fell to or below large-cap PEs, recognizing that this pricing anomaly would eventually correct as investors re-discovered the superior long-term return potential of small-cap growth stocks.",Adaptability,
How did Lynch adapt when a heavily owned institutional stock started declining for no apparent reason?,"Lynch recognized that the sophisticated institutional vanguard sometimes began selling Cyclicals a full year before visible business deterioration, causing prices to fall for no apparent reason. He adapted by not dismissing such price signals and investigating whether his story assessment needed updating.",Adaptability,
How did Lynch adapt his strategy for companies that were transitioning from domestic to international expansion?,"Lynch evaluated whether the domestic model had been proven sufficiently to support international replication. He adapted his growth rate expectations and holding timeline to reflect the longer runway that international expansion created, while monitoring early proof-of-concept markets carefully.",Adaptability,
How did Lynch adapt his approach to investing in the savings and loan sector?,"Lynch developed a specialized S&L evaluation framework adapted to the sector's unique characteristics: equity-to-assets ratios, non-performing asset levels, overhead cost structures, and dividend sustainability. He adapted standard equity analysis to the specific metrics that determined S&L quality.",Adaptability,
How did Lynch adapt his strategy when he had high conviction in a company but the PE was too high?,"Lynch adapted by making a small initial commitment at the high PE and planning to build the position during the next selloff. He explicitly committed to buying more if the price fell further, adapting entry strategy to valuation conditions without abandoning the high-conviction thesis.",Adaptability,
How did Lynch adapt his overall portfolio strategy in response to the longest bull market?,"Lynch adapted by continuously checking PEG ratios across his holdings. As bull market PE expansion lifted prices well above earnings growth rates, Lynch adapted by rotating out of the most expensive holdings and into companies where price had not yet reflected business improvement.",Adaptability,
How did Lynch adapt when a well-known company he owned began to lose its competitive niche?,"Lynch adapted by treating niche erosion as a fundamental story deterioration. If a company lost the pricing power or exclusive market position that originally justified the investment thesis, he adapted by reducing the position and rotating into companies with intact competitive advantages.",Adaptability,
How did Lynch adapt his strategy for closed-end funds trading at premiums versus discounts to NAV?,Lynch adapted by only buying closed-end funds at discounts to NAV — ideally 20 to 25 percent — and sold or avoided them when they traded at premiums. The discount-to-premium cycle was the specific adaptation mechanism for this asset class.,Adaptability,
How did Lynch adapt his approach to portfolio review as his fund grew to $14 billion under management?,"Lynch adapted by maintaining more positions, building a deeper secondary reserve pool of monitored companies, and delegating more initial research while maintaining personal conviction requirements for primary positions. Scale changed the mechanics but not the fundamental investment principles.",Adaptability,
How did Lynch adapt when a Turnaround company he owned began adding new debt?,"Lynch adapted immediately when debt, which had been declining for consecutive quarters, rose again. Rising debt signaled increased relapse risk and was one of his clearest and fastest adaptation triggers in the Turnaround category.",Adaptability,
How did Lynch adapt his portfolio for the specific risk characteristics of the early startup versus rapid expansion phases?,"Lynch adapted by generally avoiding Phase I startups regardless of story quality, and committing meaningful capital only in Phase II when proof-of-concept was established. His position-sizing framework adapted to the risk profile of each growth phase.",Adaptability,
How did Lynch adapt his reading of PE ratios when evaluating Cyclical versus non-Cyclical stocks?,"Lynch adapted his PE interpretation completely for Cyclicals. Low PE in a Cyclical meant the end of prosperity was near, while high PE often signaled the beginning of a recovery. He applied the opposite interpretation to Cyclicals versus the standard approach used for all other categories.",Adaptability,
How did Lynch adapt when the retail environment became more competitive for a restaurant chain he owned?,Lynch monitored whether competition was slower to arrive and visible from a distance — as in restaurant chains that took years to replicate across the country — versus fast-moving technology competition. He adapted his competitive concern level based on the speed and visibility of the competitive threat.,Adaptability,
How did Lynch adapt his evaluation criteria when moving from analyzing domestic companies to international country funds?,"Lynch added currency risk, government policy risk, information disclosure quality, and manager in-country experience as additional evaluation criteria when adapting his domestic framework to international fund analysis.",Adaptability,
How did Lynch adapt when all the negative news about a company had already been fully priced into the stock?,"Lynch adapted by reversing his usual caution when the stock had already fully priced in all the negative scenarios. At that point, any improvement — even from very bad to just mediocre — would produce significant positive returns as expectations adapted from catastrophe to mere difficulty.",Adaptability,
How did Lynch adapt his strategy to the challenge of pension fund investing versus individual investor constraints?,"Lynch recognized that institutional pension funds faced constraints on stock size, concentration, and sector that individual investors did not. He adapted his advice to individuals to leverage the freedom from these artificial constraints as a key competitive advantage.",Adaptability,
How did Lynch adapt when a company's story evolved from a Slow Grower into a Turnaround?,"Lynch adapted his entire investment framework for the company when a Slow Grower showed Turnaround potential — suddenly applying higher return expectations, a different sell discipline, and a more aggressive monitoring cadence appropriate to the Turnaround category.",Adaptability,
How did Lynch adapt his strategy during periods of extreme general market pessimism?,Lynch adapted to extreme pessimism by treating it as the best buying environment available. He concentrated on the Even Bigger Picture — 70 years of 10.3 percent annual stock returns — to maintain conviction during periods when sentiment alone would have caused capitulation.,Adaptability,
How did Lynch adapt when a company was simultaneously in two different stock categories?,"Lynch acknowledged that companies could fall into two categories simultaneously or pass through all six over time, as Disney did. He adapted his evaluation to weight both applicable frameworks and set expectations accordingly, rather than forcing a single-category interpretation.",Adaptability,
How did Lynch adapt his investment process when the company's story evolved faster than expected?,Lynch adapted by conducting more frequent reviews than his standard six-month checkup when a story was evolving rapidly. He required the story to keep validating itself through observable business developments and adjusted position size as confidence levels changed.,Adaptability,
How did Lynch adapt his approach when his initial hypothesis about a Turnaround proved incorrect?,Lynch adapted immediately by exiting when the recovery plan was clearly not working rather than averaging down in hope of eventual success. He required the story to remain consistent with his original thesis and sold when the facts diverged materially from the expected recovery path.,Adaptability,
How did Lynch adapt when the companies he followed began showing signs of the Penultimate Preparedness trap?,Lynch was aware that investors preparing for the last crisis were always preparing for the wrong one. His adaptation was to focus on what was actually happening in businesses rather than on what had happened in the previous downturn.,Adaptability,
How did Lynch adapt his strategy when bond yields approached historical equity return levels?,Lynch adapted by taking a large bond position in 1982 when 13 to 14 percent Treasury yields exceeded historical stock returns. This was not a defensive move but an opportunistic one — he adapted to the rare situation where fixed income offered better absolute returns than equities.,Adaptability,
How did Lynch adapt when multiple top executives at a Fast Grower began leaving simultaneously?,"Lynch treated simultaneous executive departures as a compounding warning signal. His adaptation was to exit the position quickly rather than waiting to understand the full story, as executive departures to rivals often preceded visible story deterioration by several quarters.",Adaptability,
How did Lynch adapt his strategy to periods when growth stocks were trading at 2 times the S&P 500 PE?,"Lynch adapted by reducing Fast Grower allocation when the small-cap PE to large-cap PE ratio exceeded 1.5 to 2 times, noting that periods of extreme growth stock popularity historically preceded years of clobbering in the small-cap space.",Adaptability,
How did Lynch adapt when a company he owned began generating excessive cash without a clear reinvestment plan?,"Lynch watched whether management would deploy the cash through dividends, buybacks, or productive investments versus through diworseifying acquisitions. He adapted his conviction level — and position size — based on which path management chose.",Adaptability,
How did Lynch adapt his strategy to the cyclical pattern of value investing outperformance versus growth?,Lynch advised maintaining exposure to both styles through different fund managers and adapting new money allocation to the lagging style rather than the leading one. His adaptation mechanism was counter-cyclical capital deployment between value and growth.,Adaptability,
How did Lynch adapt when an industry that had appeared to be in secular decline showed unexpected revival signs?,"Lynch adapted by remaining open to industry recovery even after extended declines, provided the balance sheets of surviving companies were strong. He avoided making permanent judgments about industries based on recent performance alone.",Adaptability,
How did Lynch adapt his analysis framework for the savings and loan crisis period?,"Lynch adapted by developing a specialized checklist — equity-to-assets, non-performing asset ratios, loan portfolio composition, overhead costs — that addressed the specific risks relevant to S&L investing rather than applying a generic equity framework.",Adaptability,
How did Lynch adapt when inflation expectations changed rapidly?,Lynch adapted his asset class allocation when inflation expectations shifted. Rising inflation increased the attractiveness of real assets and Cyclical commodity producers. Falling inflation increased the attractiveness of rate-sensitive sectors like utilities and financial companies.,Adaptability,
How did Lynch adapt to the challenge of a stock category becoming universally popular with retail investors?,Lynch treated universal retail investor popularity — like the late 1980s boom when cabbies were giving stock tips — as a warning signal. He adapted by tightening his PEG standards and being more willing to take profits in broadly held popular positions.,Adaptability,
How did Lynch adapt his strategy for companies with strong free cash flow but poor reported earnings?,"Lynch recognized that for Stalwarts and certain Fast Growers, hidden assets like brands and patents caused EPS to be depressed by amortization and R&D expenses. He adapted his valuation to use free cash flow rather than reported earnings for these specific cases.",Adaptability,
How did Lynch adapt when Wall Street coverage of a previously ignored company expanded rapidly?,"Lynch treated expanding Wall Street coverage as a leading indicator that the best buying opportunity was behind him. He adapted by beginning to plan an exit as the analyst community discovered what he had found years earlier, since institutional adoption would soon follow.",Adaptability,
How did Lynch adapt when a company's bankruptcy spinoff was misunderstood by institutional investors?,Lynch adapted by treating institutional misunderstanding of spinoffs as an opportunity. He watched for institutional selling in the first weeks after a spinoff — which created artificially low prices — and combined this with insider buying observations to time his entry.,Adaptability,
How did Lynch adapt his investment framework to different phases of the same company's life?,"Lynch re-evaluated the applicable stock category at each major business transition. Disney passed through multiple Lynch categories over its life. Each re-classification triggered a complete reset of return expectations, monitoring criteria, and sell discipline.",Adaptability,
How did Lynch adapt when a country fund's government became more hostile to business?,"Lynch adapted by exiting country fund positions when government policies — new taxes, increased regulation, or currency controls — threatened to offset business performance improvements. Political risk was a non-negotiable adaptation trigger in international investments.",Adaptability,
What role did psychology play in Lynch's overall investment philosophy?,Lynch believed the stomach — not the head — determines the fate of the stock picker. Emotional discipline and the ability to hold through frightening declines was more important than intellectual analysis in determining long-term investment success.,Psychology,
What are the three emotional states Lynch said destroy most investors?,Lynch identified concern — which prevents buying at market lows; complacency — which prevents checking fundamentals when stocks are rising; and capitulation — which causes panic selling at the bottom. Unwary investors cycle through all three in every downturn.,Psychology,
How did Lynch describe the psychological challenge of holding a stock that everyone else ignored?,Lynch said it takes remarkable patience to hold a stock that excites you but that nobody else cares about. The pressure to conform to the consensus view — and the growing doubt that you must be wrong since everyone else disagrees — was one of the greatest psychological challenges in investing.,Psychology,
How did Lynch handle the drumbeat effect from financial media?,"Lynch warned that ominous messages repeated over and over by friends, relatives, and financial media were impossible to ignore and would eventually distort decisions. He managed this by deliberately excluding macro commentary from his process and focusing exclusively on company-level facts.",Psychology,
What psychological trap did Lynch call watering the weeds?,Watering the weeds refers to the universal tendency to automatically sell winners and hold onto losers. Lynch called it about as sensible as pulling out flowers and watering the weeds. Both behaviors stem from anchoring to purchase price rather than evaluating current story quality.,Psychology,
How did Lynch maintain discipline during the nine corrections greater than 10 percent he experienced at Magellan?,Lynch said his fund went down all nine times and he made no effort to predict or avoid any of them. His psychological discipline came from focusing exclusively on company fundamentals rather than trying to interpret market direction.,Psychology,
What psychological mistake did Lynch call the double edge in investing?,Lynch described the double edge as investors undervaluing their own professional and consumer knowledge while overvaluing the analytical work of Wall Street professionals. Both errors had the same root cause: an inferiority complex that led to self-defeating behavior.,Psychology,
What did Lynch say about the psychology of selling winners too early?,"Lynch identified two ways investors faked themselves out of big returns: waiting for a stock to look cheap because it felt overvalued, and selling because the company seemed to have reached its limit. Both were psychological discomfort responses masquerading as rational analysis.",Psychology,
How did Lynch describe the importance of not falling in love with a stock?,Lynch warned never to fall in love with a stock and always to have an open mind. Emotional attachment to a holding prevented objective re-evaluation and caused investors to hold through fundamentally deteriorating stories that required an exit.,Psychology,
How did Lynch address the psychological pressure to sell after a sharp market decline?,Lynch said if you can summon the courage and presence of mind to buy during scary periods that occur every few years — when your stomach says sell — you will find opportunities you never thought you would see again.,Psychology,
What did Lynch say about the psychology of anchoring on a stock's previous high price?,Lynch warned against waiting for a stock to come back to a previous price before selling. Painfully waiting for a stock to recover to your target — a price it may never reach — was a self-destructive psychological habit that tied up capital for years.,Psychology,
What did Lynch mean by the scare-proofing drill as a psychological tool?,Lynch recommended concentrating on the Even Bigger Picture during frightening periods — the 70-year history of 10.3 percent annual stock returns — and asking what happens next if the worst does not occur. This reframe shifted the psychological context from fear to opportunity.,Psychology,
How did Lynch think about the psychological danger of celebrity stock tips?,Lynch said every dumb idea you hear about stocks gets into your brain and stays there. Eventually you will react to it. He recommended a personal policy of ignoring all celebrity tips and making every decision solely on independent research.,Psychology,
What psychological mistake did Lynch associate with the inferiority complex of amateur investors?,"Lynch said inferiority caused three self-destructive behaviors: imitating professionals by chasing hot stocks, becoming sophisticated by trading options and futures, and blindly following famous investor recommendations. All three abandoned the investor's own genuine edge.",Psychology,
How did Lynch think about the psychology of holding a stock through multiple years of no price movement?,"Lynch said most of his biggest gains came in the third or fourth year. If fundamentals remained positive and the original thesis was unchanged, he trained himself to interpret years of price inaction as the natural incubation period before the market recognized the value.",Psychology,
What did Lynch say about the psychological challenge of admitting a mistake quickly?,"Lynch included the willingness to admit mistakes as an essential personal quality, but framed it strategically: recognizing errors quickly and cutting losses was far less psychologically painful than the alternative of holding through a permanently deteriorating story.",Psychology,
How did Lynch manage the psychological pressure of widespread negative consensus on a stock he owned?,"Lynch said when prevailing opinion was more negative than his analysis, he checked and rechecked the facts rather than capitulating. He required the facts to keep validating the thesis and only changed his mind when the story, not the sentiment, deteriorated.",Psychology,
What psychological principle did Lynch apply to the concept of penultimate preparedness?,"Lynch described penultimate preparedness as the human tendency to prepare for the last crisis rather than the next one. This extrapolation was our psychological way of making up for not seeing the previous crisis coming, and it reliably led to the wrong portfolio positioning.",Psychology,
How did Lynch describe the psychological impact of the drumbeat of doom on investment decisions?,Lynch said the drumbeat of ominous messages was impossible to completely block out. The psychological solution was not to fight it directly but to replace macro commentary with company-specific fact-checking as the only valid input to investment decisions.,Psychology,
What did Lynch say about the psychology of being a true contrarian investor?,"Lynch defined the true contrarian as someone who patiently waited for hot topics to cool down and bought stocks nobody cared about — especially those that made Wall Street yawn. This required resisting the social momentum of popular investment themes, which was psychologically very difficult.",Psychology,
How did Lynch think about the psychological challenge of maintaining conviction when respected investors disagreed with him?,"Lynch said that with Turnarounds especially, there were always respected investors who said you were wrong. The psychological requirement was to know the story better than your critics and to have the facts continuously supporting your thesis rather than relying on static conviction.",Psychology,
What psychological lesson did Lynch draw from watching Walmart's multi-decade growth story?,Lynch said nowhere-to-grow theories about Walmart came up repeatedly and should be viewed sceptically. The psychological trap of underestimating how long a great growth company can maintain its pace was one of the costliest mistakes investors made.,Psychology,
How did Lynch address the psychology of regret over missed investment opportunities?,Lynch said money lost through fictional missed opportunities — stocks you did not buy that later went up — was pure self-torture that was not productive and could lead to total madness. He specifically warned that mourning omissions led people to buy inappropriate stocks to compensate.,Psychology,
How did Lynch describe the psychological state of investors during the 1987 crash?,Lynch noted that the 1987 crash was purely psychological — the market ended the year near where it had been 12 months earlier after reversing an extreme rally. People experienced the down move emotionally but forgot the context of the preceding up move.,Psychology,
What psychological discipline did Lynch say was required to hold a widely despised stock?,"Lynch noted that Turnarounds were complete when stockholders were no longer embarrassed to own the shares. Before that point, the psychological discomfort of owning a universally despised stock was precisely what kept the price low and the returns high for holders with genuine conviction.",Psychology,
How did Lynch use the concept of the even bigger picture to manage investor psychology during crises?,Lynch directed investors to focus on the 70-year evidence of 10.3 percent annual stock returns during periods of acute market fear. This historical perspective transformed psychological paralysis into rational opportunity recognition.,Psychology,
What psychological mistake did Lynch warn about when investors compared themselves to the performance of hot stocks they did not own?,Lynch warned that trying to play catch-up by buying a mediocre stock to compensate for missing a great one converted a costless omission into an expensive commission. The psychological pressure to catch up was itself the trap.,Psychology,
How did Lynch describe the role of faith in maintaining long-term investing discipline?,"Lynch said that without faith — faith that the country would survive, that people would go to work, that companies would make money — investors would sell at the point of maximum fear and miss the recoveries that rewarded patient owners.",Psychology,
What psychological insight did Lynch offer about the relationship between being scared out of a house versus being scared out of a stock?,"Lynch noted that people are never scared out of their house by a price decline but are regularly scared out of stocks. He attributed this to the different emotional relationship people have with their home versus financial instruments, and argued that stocks should ideally receive the same patient ownership.",Psychology,
How did Lynch address the psychological danger of acting on gut feelings in the stock market?,Lynch said it was crucial to resist human nature and gut feelings. Most investors secretly believed they could divine market prices despite being repeatedly proven wrong. Overcoming this instinct — not the intellectual analysis — was the primary psychological battleground.,Psychology,
What did Lynch say about the psychological mistake of treating past price gains as a reason not to buy a stock?,Lynch rejected the psychological trap of refusing to buy a stock that had already risen significantly. Prior price history had no bearing on future returns. The only relevant psychological question was whether the current price was cheap or expensive relative to current earnings potential.,Psychology,
How did Lynch describe the psychological challenge of managing through periods of general market optimism?,Lynch observed the late 1980s cycle where everyone at dinner parties talked about stocks and cabbies gave stock tips. He treated this universal optimism as a contrarian warning signal rather than a confirmation of good decisions.,Psychology,
What psychological principle did Lynch apply when a stock fell after he bought it?,"Lynch said if the story remained intact after a price drop, he was happy the price fell — it gave him the opportunity to buy more at better prices. He psychologically reframed falling prices on good merchandise as gifts rather than losses.",Psychology,
How did Lynch manage the psychology of owning positions where losses were already substantial?,Lynch said the behavior of a stock since you bought it has no bearing on what it will do in the future. He required investors to reset their psychological attachment to any given price level and evaluate the stock purely on current story quality and current valuation.,Psychology,
What did Lynch say about the psychology of investing in stocks versus bonds for most individuals?,Lynch said fear was the primary reason most people over-allocated to bonds. The fear of seeing portfolio values drop — even temporarily — kept people in the relative safety of bonds despite the overwhelming long-term historical evidence favoring stocks.,Psychology,
How did Lynch describe the psychological discipline needed to hold through a multi-year growth story?,"Lynch said throughout Walmart's 27-year rise from 1.6 cents to $23 on a split-adjusted basis, the stock never looked cheap. Holding through decades of doubt required an almost impossible combination of research conviction and emotional discipline.",Psychology,
What psychological trap did Lynch identify for investors who watched a stock fall then recover to $8 after falling to $4?,Lynch said the trouble with most people was thinking they had missed it once the stock recovered from the low. A troubled company recovering from a crash had a long way to go and investors needed to forget psychologically that they had missed the absolute bottom.,Psychology,
How did Lynch think about the psychological distinction between concern and complacency in market cycles?,"Lynch said concern kept people from buying at market bottoms when bargains were available, while complacency kept people from reviewing fundamentals during rallies when they should have been vigilant. Both states produced the wrong behavior at precisely the wrong time.",Psychology,
What did Lynch say about the psychological mistake of selling in desperation during a crash?,Lynch said when you sell in desperation you always sell cheap. The psychological solution was to plan your behavior in advance — committing before the crash that you would be a buyer not a seller on a 25 percent decline — rather than trying to think clearly in the heat of the moment.,Psychology,
How did Lynch manage the psychological challenge of investing with incomplete information?,Lynch believed it was psychologically essential to accept that things are never perfectly clear and that decisions must be made under uncertainty. Investors who waited for complete certainty consistently bought after the best opportunity had passed.,Psychology,
What psychological framework did Lynch recommend for handling stocks that had gone sideways for years?,"Lynch said if fundamentals remained positive and whatever attracted you to the stock had not changed, then sooner or later patience would be rewarded. The psychological discipline was to interpret years of sideways action as the patience incubation period rather than evidence of a mistake.",Psychology,
How did Lynch describe the psychological relationship between investors and the companies they owned?,Lynch said a stock does not know that you own it. The market had no obligation to validate your thesis on your schedule. This psychological insight kept him focused on business fundamentals rather than on the emotional contract investors often felt they had with their holdings.,Psychology,
What did Lynch say about the psychological danger of the drumbeat effect around specific stocks?,"Lynch said the biggest trouble with stock market advice was that good or bad, it stuck in your brain. Every dumb idea you heard would eventually influence a decision. The psychological discipline required was not to fight these ideas intellectually but to prevent them from reaching your decision-making process.",Psychology,
How did Lynch manage the psychology of being publicly wrong about an investment?,"Lynch accepted that even with 700 annual reports read and 400 company visits per year, he would be wrong many times. He freed himself from the psychological burden of needing to be right by building a system where a 60 percent win rate was sufficient for an enviable long-term record.",Psychology,
What psychological insight did Lynch offer about selling a stock at 5 times when it could go to 25 times?,"Lynch said it was shameful to find the right stock, watch all the evidence tell you it was going higher, and then sell at 5 times because of psychological discomfort about the unrealized gain. The regret of selling a 25-bagger at 5 was the hardest psychological lesson to learn.",Psychology,
How did Lynch think about the psychology of the unwary investor who missed the sell signal in a Cyclical?,Lynch said unwary investors held Cyclicals past their peak because business was still good and earnings were still rising. The psychological trap was interpreting current good news as permanent rather than as the final stage of a cycle that was already turning.,Psychology,
What psychological principle did Lynch apply to stock prices dropping below their IPO level?,Lynch noted that stocks trading below their IPO price might represent psychological value anchors — the market's disappointment relative to initial expectations often created pricing inefficiencies before fundamentals were properly re-evaluated.,Psychology,
How did Lynch describe the psychological challenge of buying stocks after a market has fallen dramatically?,Lynch said the best time to buy stocks was always the day you had convinced yourself you had found solid merchandise at a good price. The psychological barrier was that these moments of maximum opportunity felt like the most dangerous times to act.,Psychology,
What psychological observation did Lynch make about investors who assumed the next recession would be different?,"Lynch said this one is different was the doomsayer's litany. Every recession felt different psychologically because each had unique features, but the historical pattern of recovery remained consistent. Treating each new recession as unprecedented was a psychological distortion that prevented acting on historical evidence.",Psychology,
How did Lynch manage the psychological pressure from clients during market downturns at Magellan?,"Lynch managed redemption pressure without allowing it to distort his investment decisions. He maintained his stock-picking process unchanged through downturns, recognizing that capitulating to investor fear at market bottoms would permanently damage long-term performance.",Psychology,
What psychological insight did Lynch draw from the fact that growth stocks had their worst period in 1973-74?,"Lynch noted that growth stocks were grossly overpriced in 1973-74, making their decline a fundamentals-driven correction rather than a random market event. The psychological lesson was that even great companies were not immune to overvaluation risk and required PEG discipline at all times.",Psychology,
How did Lynch describe the psychology of investors who paid excessive attention to macro forecasts?,Lynch said spending too much time on economic forecasting made investors react to crystal ball projections rather than to actual company developments. This psychological displacement of energy from facts to forecasts was one of the most reliable predictors of poor investment performance.,Psychology,
What psychological principle did Lynch apply when he decided whether to hold a stock through a turbulent period?,"Lynch revisited the original reasons why he bought the stock as if hearing the story for the very first time. If the story was still intact and the facts still supported the original thesis, he held regardless of social pressure, media noise, or recent price behavior.",Psychology,
How did Lynch think about the psychology of maintaining a paper portfolio before investing real money?,Lynch recommended paper portfolios not just as a learning tool but as a psychological preparation. Understanding what you would have bought and how you would have behaved — including through declines — prepared investors for the emotional reality of real money investing.,Psychology,
What psychological mistake did Lynch warn about in relation to options and futures trading?,Lynch said investors who used options to hedge ended up psychologically confused about whether they wanted markets to fall — for the insurance to pay off — or rise — for the portfolio to gain. This internal conflict produced inconsistent decision-making that destroyed returns.,Psychology,
How did Lynch manage the psychology of tracking a very large number of companies simultaneously?,"Lynch maintained discipline by keeping systematic notes on every company contact, recording prices, story summaries, and key developments. This systematic record-keeping replaced memory-based investing with fact-based review, reducing the emotional contamination of investment decisions.",Psychology,
What psychological principle did Lynch apply to the concept of averaging down in a falling stock?,"Lynch did not reflexively add to falling stocks. He first re-verified whether the story was intact. If the fundamentals had deteriorated, he would not add regardless of the lower price. The psychological discipline was to use the story, not the price, as the guide to averaging down.",Psychology,
How did Lynch describe the psychology of the skittish investor?,"Lynch said the skittish investor, no matter how intelligent, was always susceptible to being flushed out of the market by the brush beaters of doom. Experience was always an expensive teacher for those who lacked the psychological preparation to sit through temporary discomfort.",Psychology,
What psychological lesson did Lynch draw from watching investors switch between value and growth funds at the wrong time?,Lynch said investors jumped from value funds to growth funds just as value was starting to wax and growth was starting to wane. This pattern of selling the unloved just before its rebound was a universal psychological failure of impatience with underperformance.,Psychology,
How did Lynch describe the psychology of holding a Turnaround through the period of maximum public embarrassment?,Lynch recognized that patient holders of Turnarounds earned their returns precisely because most investors were psychologically unable to maintain a position in a company that was publicly embarrassing to own. The discomfort was the psychological barrier to entry that created the return opportunity.,Psychology,
What psychological principle drove Lynch's advice to ask yourself if you would add at minus 25 percent before buying any stock?,Lynch's ask-in-advance principle forced psychological commitment before the emotional pressure of an actual decline hit. Investors who could honestly answer that they would add at minus 25 percent were demonstrating the correct psychological posture. Those who could not were warning themselves to stay out.,Psychology,
How did Lynch describe the psychological challenge of being a long-term investor in a short-term focused market?,Lynch recognized that the market was dominated by institutional investors focused on 20 percent gains before stampeding for the exits. Long-term investors needed to psychologically insulate themselves from this short-term noise and maintain focus on the multi-year company story.,Psychology,
What psychological insight did Lynch offer about the concept of Penultimate Preparedness in economic cycles?,"Lynch said that no matter what we concluded about the economy, we always arrived at the conclusion too late to act on it usefully — either preparing for a recession that had just ended or expecting more growth just before a downturn. This psychological lag was a consistent source of poor market timing.",Psychology,
How did Lynch describe the psychology of investors who acted on hot tips at dinner parties?,Lynch observed the full cycle from the 1960s when nobody cared about stocks through the late 1980s when cabbies gave tips. The euphoria of everyone talking about stocks at dinner was itself the psychological signal that speculation had replaced investment.,Psychology,
What did Lynch say about the psychology of treating past losers as opportunities to average down?,Lynch warned that unless you were confident enough to buy more of a stock — not just hoping it would come back — you should be selling immediately. Averaging down without genuine conviction was psychologically dressed-up reluctance to admit a mistake.,Psychology,
How did Lynch describe the psychology of investors who interpreted falling PE ratios in Cyclicals as buying opportunities?,"Lynch said this was one of the most expensive misconceptions in investing. When large crowds began selling a Cyclical, the falling PE attracted uninitiated buyers who interpreted the low valuation as safety. The psychological trap was that soon the economy would falter and earnings would decline at breathtaking speed.",Psychology,
What psychological observation did Lynch make about the relationship between fear and opportunity in markets?,"Lynch said that every crisis seemed worse than the last, making it psychologically harder to ignore bad news with each successive event. The psychological solution was not to develop immunity to fear but to have a pre-established framework — the Even Bigger Picture — that provided context when fear was most acute.",Psychology,
How did Lynch describe the psychological advantage of the systematic monthly investor?,Lynch said monthly systematic investors were psychologically protected because they could not make the impulse decisions that spoil most nest eggs. The discipline of the system replaced the psychological variability of market timing decisions.,Psychology,
What psychological framework did Lynch use to evaluate whether his concerns about a stock were valid or idle?,"Lynch distinguished valid worries — grounded in deteriorating business facts — from idle worries — driven by emotional reactions to media coverage or market prices. The psychological test was whether the concern could be verified through specific, concrete business data.",Psychology,
How did Lynch describe the psychology of selling the best performers and holding the worst?,"Lynch said some people automatically sold winners and held losers as if this were a logical risk management approach. It was actually backwards — it sold the correct thesis early and held the incorrect thesis too long, driven purely by the psychology of realizing a gain versus avoiding the psychology of realizing a loss.",Psychology,
What psychological observation did Lynch make about how the investment industry evolved during the 1980s bull market?,"Lynch observed that as the bull market progressed, stocks became culturally fashionable and stock tips became socially rewarded. This cultural shift attracted speculators rather than investors and created the conditions for the psychological extreme that preceded the 1987 correction.",Psychology,
How did Lynch manage the psychology of knowing that most of his gains would come years after buying?,Lynch accepted that the greatest gains in his career came in the third and fourth year of ownership. This forward-looking psychological framework replaced short-term price monitoring with long-term story monitoring as the primary investment management activity.,Psychology,
What psychological principle did Lynch apply when a stock he owned was generating intense social pressure to sell?,"Lynch maintained the discipline of checking the story and the facts when social pressure to sell was highest. If the facts supported holding, he held regardless of social context. The psychological discipline was to separate the social consensus from the investment fundamentals.",Psychology,
How did Lynch think about the psychology of investors who were paralyzed by the potential of a market crash?,"Lynch said investors who attempted to prepare for total disaster by bailing out of their best investments were being simultaneously reckless and self-defeating: if total disaster struck, cash would be useless too. If it did not — the far more likely outcome — they had sold their best assets for a pittance.",Psychology,
What psychological principle did Lynch apply to the concept of regret avoidance in investing?,Lynch said you could not afford the regret of selling a 25 times winner at 5 times simply because the gain felt uncomfortable. The psychological maturity to hold through periods of apparent overvaluation — as long as the story was intact — was the difference between good and great long-term returns.,Psychology,
How did Lynch describe the psychological challenge of investing in a company that was publicly in crisis?,"Lynch said one person's distress was another's opportunity. The psychological challenge was overcoming the social stigma of being associated with a crisis company, which was precisely what kept prices low and future returns high for investors with the conviction to hold through the crisis phase.",Psychology,
What psychological discipline did Lynch say was required to benefit from the Rule of Five portfolio strategy?,Lynch said the Rule of Five worked psychologically only if you could hold through the four positions that went nowhere without losing conviction in the process. Investors who sold the flat positions prematurely never owned them when they eventually became the fifth position that delivered exceptional returns.,Psychology,
How did Lynch describe the psychological state required to buy Cyclicals at their absolute nadir?,"Lynch said buying Cyclicals at their lowest required the psychological ability to act on a positive thesis when every piece of external evidence — economic data, analyst forecasts, management commentary — was uniformly negative. This required not blind optimism but a disciplined reading of inventory and balance sheet data.",Psychology,
What psychological observation did Lynch make about the role of the stock market in popular culture through market cycles?,Lynch traced the cultural evolution of markets from something nobody discussed in the 1960s to the centerpiece of social conversations in the late 1980s. He recognized this cultural arc as a reliable psychological indicator of market excess that was more predictive than any technical indicator.,Psychology,
How did Lynch manage the psychological challenge of investing in companies with very long payoff horizons?,"Lynch psychologically committed to the idea that stocks rewarded patience and that the time to benefit from a great thesis was typically years, not months. He said most money was made in the third or fourth year and trained himself to measure time in years rather than quarters.",Psychology,
What did Lynch say about the psychology of an investor who constantly worried about the big picture?,"Lynch said the way to resist being scared out of stocks was regular systematic investing. Without monthly discipline, investors needed to find a way to keep the faith — and without faith, they would sell at the point of maximum fear precisely when they should have been buying.",Psychology,
How did Lynch address the psychological danger of the herd mentality in institutional investing?,Lynch observed that institutional herd instinct produced camp followers — closet indexers who pretended to pursue excellence while avoiding anything that deviated from consensus holdings. Individual investors psychologically insulated from this herd pressure had a genuine structural advantage.,Psychology,
What was Lynch's psychological framework for distinguishing between an error of omission and an error of commission?,Lynch said omission errors — not buying stocks that later went up — cost nothing and should be treated as learning experiences rather than psychological traumas. Commission errors — buying stocks that went down — required honest self-assessment of whether the process was correct even if the outcome was not.,Psychology,
How did Lynch describe the psychological quality of detachment as it applied to investing?,"Lynch listed detachment as one of the essential investor qualities, meaning the ability to evaluate investments completely objectively without emotional attachment to the current price, public opinion, or personal history with the stock. Detachment was the psychological space between stimulus and response.",Psychology,
What psychological principle did Lynch apply when he thought about potential investments that were heavily in the news?,"Lynch's psychological rule was that when a stock and its industry were relentlessly featured in negative news coverage, the psychological opportunity was often at its maximum — because most investors were emotionally incapable of buying what was generating fear responses.",Psychology,
How did Lynch manage the psychology of operating a fund through dramatic bear markets that clients panicked about?,"Lynch maintained his investment process unchanged through bear markets, recognizing that capitulating to client fear by selling good merchandise at distressed prices would permanently destroy the long-term track record. Psychological steadiness under client pressure was a defining professional discipline.",Psychology,
What psychological insight did Lynch offer about investors who were unable to handle seeing their portfolio drop 50 percent?,"Lynch said if you are susceptible to selling everything in a panic, you ought to avoid stocks and stock mutual funds altogether. The psychological self-knowledge to recognize your own risk tolerance was more valuable than any market insight.",Psychology,
How did Lynch describe the psychology of investing in response to the Even Bigger Picture concept?,"Lynch said the Even Bigger Picture — 70 years of 10.3 percent annual equity returns through wars, recessions, and crises — was the psychological foundation of all long-term investing confidence. Every individual crisis looked different but the aggregate historical outcome was remarkably consistent.",Psychology,
What psychological trap did Lynch identify for investors who paid too much attention to short-term price movements?,"Lynch said people who confused prices with prospects were making a fundamental psychological error. Unless they were short-term traders specifically seeking 20 percent gains, short-term price movements after purchase were pure noise that told you only that someone was willing to pay more or less for identical merchandise.",Psychology,
How did Lynch address the psychological challenge of holding positions through the passage of time?,Lynch said time was on the side of owners of superior companies. The psychological challenge was maintaining conviction through years of apparent inaction when the story was developing but not yet recognized by the market. He framed patience not as endurance but as productive waiting for a known outcome.,Psychology,
What psychological principle did Lynch apply to his view on Wall Street's institutional conservatism?,Lynch observed that the unwritten institutional rule — you will never lose your job losing money on IBM but you will lose your job losing money on an unknown small company — created systematic psychological bias against exactly the kind of stocks that offered the best returns.,Psychology,
How did Lynch describe the psychology of investing in a company whose business had never been tested in a bad market?,"Lynch preferred to invest in companies that could survive a depressed state rather than those that only thrived in boom times but were untested for bad times. The psychological comfort of knowing a company had endured hardship allowed for calmer, longer-term holding behavior.",Psychology,
What psychological lesson did Lynch draw from watching investors repeatedly sell at market bottoms?,Lynch said experience was always an expensive teacher. The investors who learned from watching themselves sell at the bottom — and who committed in advance to different behavior in the next downturn — were the ones who eventually developed the psychological maturity to profit from market cycles.,Psychology,
How did Lynch describe the psychology of investors who waited for stocks to look safe before buying?,Lynch said the best opportunities always felt unsafe. Waiting for stocks to look safe meant waiting until prices had recovered and most of the gain was gone. The psychological discipline was to act when discomfort was highest and fundamentals were most favorable.,Psychology,
What was Lynch's final psychological principle for long-term investment success?,Lynch believed that ultimate investment success or failure depended on your ability to ignore the worries of the world long enough to allow your investments to succeed. It was not the head but the stomach — and the discipline to act on what the stomach feared most — that ultimately determined whether investors profited from the opportunities that the market regularly created and regularly took away.,Psychology,
